"LINE_ID","TIMEZONE_PATTERN_ID","TIMEZONE_ID","SHIFT_CALENDAR_ID","TIMEZONE_PATTERN_NAME","TIMEZONE_NAME","AUTO_RESERVATION_SETTING","START_TIME","END_TIME","OUTSIDE_RESERVATION","START_DAYS","ACCEPTANCE_START_TIME","END_DAYS","ACCEPTANCE_END_TIME","RESERVATION_FRAMES","LINE_NUM","SPARE_LINE_NUM","START_NUMBER","CREATE_USER_NO","CREATE_DATE","MODIFY_USER_NO","MODIFY_DATE","DATA_VERSION"
"1","4","1","4","帯パターン4","帯1",\N,"0000","2300","1","4000","0000","13","0000","0","2","0","1","A1589","2017-11-27 16:06:54","A2636","2018-04-11 17:45:47","5"
"1","5","1","5","帯パターン5","帯1",\N,"0000","2300","1","4000","0000","13","0000","0","0","0","1","A1589","2017-11-27 16:07:56","A2636","2018-04-11 17:45:47","4"
"1","6","1","6","帯パターン4","帯1",\N,"0000","2300","1","4000","0000","13","0000","0","2","0","1","A1589","2017-11-27 16:07:56","A2636","2018-04-11 17:45:47","4"
"1","7","1","7","帯パターン7","帯1",\N,"0000","2300","1","4000","0000","13","0000","0","0","0","1","A1589","2017-11-27 16:07:57","A2636","2018-04-11 17:45:47","4"
"1","8","1","8","帯パターン4","帯1",\N,"0000","2300","1","4000","0000","13","0000","0","2","0","1","A1589","2017-11-27 16:07:57","A2636","2018-04-11 17:45:47","4"
"1","9","1","9","帯パターン9","帯1",\N,"0000","2300","1","4000","0000","13","0000","0","0","0","1","A1589","2017-11-27 16:07:57","A2636","2018-04-11 17:45:47","4"
"1","10","1","10","帯パターン4","帯1",\N,"0000","2300","1","4000","0000","13","0000","0","2","0","1","A1589","2017-11-27 16:07:57","A2636","2018-04-11 17:45:47","4"
"1","11","1","11","帯パターン11","帯1",\N,"0000","2300","1","4000","0000","13","0000","0","0","0","1","A1589","2017-11-27 16:07:57","A2636","2018-04-11 17:45:47","4"
"1","12","1","12","帯パターン4","帯1",\N,"0000","2300","1","4000","0000","13","0000","0","2","0","1","A1589","2017-11-27 16:07:57","A2636","2018-04-11 17:45:47","4"
"1","13","1","13","帯パターン13","帯1",\N,"0000","2300","1","4000","0000","13","0000","0","0","0","1","A1589","2017-11-27 16:07:57","A2636","2018-04-11 17:45:47","4"
"1","14","1","14","帯パターン4","帯1",\N,"0000","2300","1","4000","0000","13","0000","0","2","0","1","A1589","2017-11-27 16:07:57","A2636","2018-04-11 17:45:47","4"
"1","15","1","15","帯パターン15","帯1",\N,"0000","2300","1","4000","0000","13","0000","0","0","0","1","A1589","2017-11-27 16:07:58","A2636","2018-04-11 17:45:47","4"
"1","16","1","16","帯パターン4","帯1",\N,"0000","2300","1","4000","0000","13","0000","0","2","0","1","A1589","2017-11-27 16:07:58","A2636","2018-04-11 17:45:47","4"
"1","17","1","17","帯パターン17","帯1",\N,"0000","2300","1","4000","0000","13","0000","0","0","0","1","A1589","2017-11-27 16:07:58","A2636","2018-04-11 17:45:47","4"
"1","18","1","18","帯パターン4","帯1",\N,"0000","2300","1","4000","0000","13","0000","0","2","0","1","A1589","2017-11-27 16:07:58","A2636","2018-04-11 17:45:47","4"
"1","19","1","19","帯パターン19","帯1",\N,"0000","2300","1","4000","0000","13","0000","0","0","0","1","A1589","2017-11-27 16:07:58","A2636","2018-04-11 17:45:47","4"
"1","21","1","21","帯パターン21","帯1",\N,"0000","2300","1","4000","0000","13","0000","0","0","0","1","A1589","2017-11-27 16:08:02","A2636","2018-04-11 17:45:47","3"
"1","22","1","22","帯パターン4","帯1",\N,"0000","2300","1","4000","0000","13","0000","0","2","0","1","A1589","2017-11-27 16:08:02","A2636","2018-04-11 17:45:47","3"
"1","23","1","23","帯パターン23","帯1",\N,"0000","2300","1","4000","0000","13","0000","0","0","0","1","A1589","2017-11-27 16:08:30","A2636","2018-04-11 17:45:47","2"
"1","24","1","24","帯パターン4","帯1",\N,"0000","2300","1","4000","0000","13","0000","0","2","0","1","A1589","2017-11-27 16:08:30","A2636","2018-04-11 17:45:47","2"
"1","25","1","25","帯パターン25","帯1",\N,"0000","2300","1","4000","0000","13","0000","0","0","0","1","A1589","2017-11-27 16:08:31","A2636","2018-04-11 17:45:47","2"
"1","26","1","26","帯パターン4","帯1",\N,"0000","2300","1","4000","0000","13","0000","0","2","0","1","A1589","2017-11-27 16:08:31","A2636","2018-04-11 17:45:47","2"
"1","27","1","27","帯パターン27","帯1",\N,"0000","2300","1","4000","0000","13","0000","0","0","0","1","A1589","2017-11-27 16:08:31","A2636","2018-04-11 17:45:47","2"
"1","28","1","28","帯パターン4","帯1",\N,"0000","2300","1","4000","0000","13","0000","0","2","0","1","A1589","2017-11-27 16:08:31","A2636","2018-04-11 17:45:47","2"
"1","29","1","29","帯パターン29","帯1",\N,"0000","2300","1","4000","0000","13","0000","0","0","0","1","A1589","2017-11-27 16:08:31","A2636","2018-04-11 17:45:47","2"
"1","30","1","30","帯パターン4","帯1",\N,"0000","2300","1","4000","0000","13","0000","0","2","0","1","A1589","2017-11-27 16:08:31","A2636","2018-04-11 17:45:47","2"
"1","31","1","31","帯パターン31","帯1",\N,"0000","2300","1","4000","0000","13","0000","0","2","0","1","A2636","2018-04-11 17:45:11","A2636","2018-04-11 17:45:47","2"
"1","33","1","33","帯パターン33","帯1",\N,"0000","2300","1","4000","0000","13","0000","0","0","0","1","A2636","2018-04-11 17:45:47","A2636","2018-04-11 17:45:47","1"
"1","35","1","35","帯パターン35","帯1",\N,"0000","2300","1","4000","0000","13","0000","0","0","0","1","A2636","2018-04-11 17:45:47","A2636","2018-04-11 17:45:47","1"
"1","36","1","36","帯パターン4","帯1",\N,"0000","2300","1","4000","0000","13","0000","0","2","0","1","A2636","2018-04-11 17:45:47","A2636","2018-04-11 17:45:47","1"
"1","37","1","37","帯パターン37","帯1",\N,"0000","2300","1","4000","0000","13","0000","0","0","0","1","A2636","2018-04-11 17:45:47","A2636","2018-04-11 17:45:47","1"
"1","38","1","38","帯パターン4","帯1",\N,"0000","2300","1","4000","0000","13","0000","0","2","0","1","A2636","2018-04-11 17:45:47","A2636","2018-04-11 17:45:47","1"
"1","39","1","39","帯パターン39","帯1",\N,"0000","2300","1","4000","0000","13","0000","0","0","0","1","A2636","2018-04-11 17:45:47","A2636","2018-04-11 17:45:47","1"
"1","41","1","41","帯パターン41","帯1",\N,"0000","2300","1","4000","0000","13","0000","0","0","0","1","A2636","2018-04-11 17:45:47","A2636","2018-04-11 17:45:47","1"
"1","43","1","43","帯パターン43","帯1",\N,"0000","2300","1","4000","0000","13","0000","0","0","0","1","A2636","2018-04-11 17:45:47","A2636","2018-04-11 17:45:47","1"
"1","44","1","44","帯パターン4","帯1",\N,"0000","2300","1","4000","0000","13","0000","0","2","0","1","A2636","2018-04-11 17:45:47","A2636","2018-04-11 17:45:47","1"
"1","45","1","45","帯パターン45","帯1",\N,"0000","2300","1","4000","0000","13","0000","0","0","0","1","A2636","2018-04-11 17:45:47","A2636","2018-04-11 17:45:47","1"
"1","46","1","46","帯パターン4","帯1",\N,"0000","2300","1","4000","0000","13","0000","0","2","0","1","A2636","2018-04-11 17:45:48","A2636","2018-04-11 17:45:48","1"
"1","47","1","47","帯パターン47","帯1",\N,"0000","2300","1","4000","0000","13","0000","0","0","0","1","A2636","2018-04-11 17:45:48","A2636","2018-04-11 17:45:48","1"
"1","49","1","49","帯パターン49","帯1",\N,"0000","2300","1","4000","0000","13","0000","0","0","0","1","A2636","2018-04-11 17:45:48","A2636","2018-04-11 17:45:48","1"
"1","51","1","51","帯パターン51","帯1",\N,"0000","2300","1","4000","0000","13","0000","0","0","0","1","A2636","2018-04-11 17:45:48","A2636","2018-04-11 17:45:48","1"
"1","52","1","52","帯パターン4","帯1",\N,"0000","2300","1","4000","0000","13","0000","0","2","0","1","A2636","2018-04-11 17:45:48","A2636","2018-04-11 17:45:48","1"
"1","53","1","53","帯パターン53","帯1",\N,"0000","2300","1","4000","0000","13","0000","0","0","0","1","A2636","2018-04-11 17:45:48","A2636","2018-04-11 17:45:48","1"
"1","54","1","54","帯パターン4","帯1",\N,"0000","2300","1","4000","0000","13","0000","0","2","0","1","A2636","2018-04-11 17:45:48","A2636","2018-04-11 17:45:48","1"
"1","55","1","55","帯パターン55","帯1",\N,"0000","2300","1","4000","0000","13","0000","0","0","0","1","A2636","2018-04-11 17:45:48","A2636","2018-04-11 17:45:48","1"
"1","57","1","57","帯パターン57","帯1",\N,"0000","2300","1","4000","0000","13","0000","0","0","0","1","A2636","2018-04-11 17:45:48","A2636","2018-04-11 17:45:48","1"
"1","59","1","59","帯パターン59","帯1",\N,"0000","2300","1","4000","0000","13","0000","0","0","0","1","A2636","2018-04-11 17:45:48","A2636","2018-04-11 17:45:48","1"
"1","60","1","60","帯パターン4","帯1",\N,"0000","2300","1","4000","0000","13","0000","0","2","0","1","A2636","2018-04-11 17:45:48","A2636","2018-04-11 17:45:48","1"
"1","61","1","61","帯パターン61","帯1",\N,"0000","2300","1","4000","0000","13","0000","0","0","0","1","A2636","2018-04-11 17:45:48","A2636","2018-04-11 17:45:48","1"
"1","62","1","62","帯パターン4","帯1",\N,"0000","2300","1","4000","0000","13","0000","0","2","0","1","A2636","2018-04-11 17:45:48","A2636","2018-04-11 17:45:48","1"
"1","63","1","63","帯パターン63","帯1",\N,"0000","2300","1","4000","0000","13","0000","0","0","0","1","A2636","2018-04-11 17:45:48","A2636","2018-04-11 17:45:48","1"
"1","65","1","65","帯パターン65","帯1",\N,"0000","2300","1","4000","0000","13","0000","0","0","0","1","A2636","2018-04-11 17:45:48","A2636","2018-04-11 17:45:48","1"
"1","67","1","67","帯パターン67","帯1",\N,"0000","2300","1","4000","0000","13","0000","0","0","0","1","A2636","2018-04-11 17:45:48","A2636","2018-04-11 17:45:48","1"
"1","68","1","68","帯パターン4","帯1",\N,"0000","2300","1","4000","0000","13","0000","0","2","0","1","A2636","2018-04-11 17:45:48","A2636","2018-04-11 17:45:48","1"
"1","69","1","69","帯パターン69","帯1",\N,"0000","2300","1","4000","0000","13","0000","0","0","0","1","A2636","2018-04-11 17:45:48","A2636","2018-04-11 17:45:48","1"
"1","70","1","70","帯パターン4","帯1",\N,"0000","2300","1","4000","0000","13","0000","0","2","0","1","A2636","2018-04-11 17:45:48","A2636","2018-04-11 17:45:48","1"
"1","71","1","71","帯パターン71","帯1",\N,"0000","2300","1","4000","0000","13","0000","0","0","0","1","A2636","2018-04-11 17:45:48","A2636","2018-04-11 17:45:48","1"
"1","73","1","73","帯パターン73","帯1",\N,"0000","2300","1","4000","0000","13","0000","0","0","0","1","A2636","2018-04-11 17:45:48","A2636","2018-04-11 17:45:48","1"
"1","75","1","75","帯パターン75","帯1",\N,"0000","2300","1","4000","0000","13","0000","0","0","0","1","A2636","2018-04-11 17:45:48","A2636","2018-04-11 17:45:48","1"
"1","76","1","76","帯パターン4","帯1",\N,"0000","2300","1","4000","0000","13","0000","0","2","0","1","A2636","2018-04-11 17:45:48","A2636","2018-04-11 17:45:48","1"
"1","77","1","77","帯パターン77","帯1",\N,"0000","2300","1","4000","0000","13","0000","0","0","0","1","A2636","2018-04-11 17:45:48","A2636","2018-04-11 17:45:48","1"
"1","78","1","78","帯パターン4","帯1",\N,"0000","2300","1","4000","0000","13","0000","0","2","0","1","A2636","2018-04-11 17:45:48","A2636","2018-04-11 17:45:48","1"
"1","79","1","79","帯パターン79","帯1",\N,"0000","2300","1","4000","0000","13","0000","0","0","0","1","A2636","2018-04-11 17:45:49","A2636","2018-04-11 17:45:49","1"
"1","81","1","81","帯パターン81","帯1",\N,"0000","2300","1","4000","0000","13","0000","0","0","0","1","A2636","2018-04-11 17:45:49","A2636","2018-04-11 17:45:49","1"
"1","83","1","83","帯パターン83","帯1",\N,"0000","2300","1","4000","0000","13","0000","0","0","0","1","A2636","2018-04-11 17:45:49","A2636","2018-04-11 17:45:49","1"
"1","84","1","84","帯パターン4","帯1",\N,"0000","2300","1","4000","0000","13","0000","0","2","0","1","A2636","2018-04-11 17:45:49","A2636","2018-04-11 17:45:49","1"
"1","85","1","85","帯パターン85","帯1",\N,"0000","2300","1","4000","0000","13","0000","0","0","0","1","A2636","2018-04-11 17:45:49","A2636","2018-04-11 17:45:49","1"
"1","86","1","86","帯パターン4","帯1",\N,"0000","2300","1","4000","0000","13","0000","0","2","0","1","A2636","2018-04-11 17:45:49","A2636","2018-04-11 17:45:49","1"
"1","87","1","87","帯パターン87","帯1",\N,"0000","2300","1","4000","0000","13","0000","0","0","0","1","A2636","2018-04-11 17:45:49","A2636","2018-04-11 17:45:49","1"
"1","89","1","89","帯パターン89","帯1",\N,"0000","2300","1","4000","0000","13","0000","0","0","0","1","A2636","2018-04-11 17:45:49","A2636","2018-04-11 17:45:49","1"
"1","91","1","91","帯パターン91","帯1",\N,"0000","2300","1","4000","0000","13","0000","0","0","0","1","A2636","2018-04-11 17:45:49","A2636","2018-04-11 17:45:49","1"
"1","92","1","92","帯パターン4","帯1",\N,"0000","2300","1","4000","0000","13","0000","0","2","0","1","A2636","2018-04-11 17:45:49","A2636","2018-04-11 17:45:49","1"
"1","93","1","93","帯パターン93","帯1",\N,"0000","2300","1","4000","0000","13","0000","0","0","0","1","A2636","2018-04-11 17:45:49","A2636","2018-04-11 17:45:49","1"
"1","94","1","94","帯パターン4","帯1",\N,"0000","2300","1","4000","0000","13","0000","0","2","0","1","A2636","2018-04-11 17:45:49","A2636","2018-04-11 17:45:49","1"
"1","95","1","95","帯パターン95","帯1",\N,"0000","2300","1","4000","0000","13","0000","0","0","0","1","A2636","2018-04-11 17:45:49","A2636","2018-04-11 17:45:49","1"
"1","97","1","97","帯パターン97","帯1",\N,"0000","2300","1","4000","0000","13","0000","0","0","0","1","A2636","2018-04-11 17:45:49","A2636","2018-04-11 17:45:49","1"
"1","99","1","99","帯パターン99","帯1",\N,"0000","2300","1","4000","0000","13","0000","0","0","0","1","A2636","2018-04-11 17:45:49","A2636","2018-04-11 17:45:49","1"
"1","100","1","100","帯パターン4","帯1",\N,"0000","2300","1","4000","0000","13","0000","0","2","0","1","A2636","2018-04-11 17:45:49","A2636","2018-04-11 17:45:49","1"
"1","101","1","101","帯パターン101","帯1",\N,"0000","2300","1","4000","0000","13","0000","0","0","0","1","A2636","2018-04-11 17:45:49","A2636","2018-04-11 17:45:49","1"
"1","102","1","102","帯パターン4","帯1",\N,"0000","2300","1","4000","0000","13","0000","0","2","0","1","A2636","2018-04-11 17:45:49","A2636","2018-04-11 17:45:49","1"
"1","103","1","103","帯パターン103","帯1",\N,"0000","2300","1","4000","0000","13","0000","0","0","0","1","A2636","2018-04-11 17:45:49","A2636","2018-04-11 17:45:49","1"
"1","105","1","105","帯パターン105","帯1",\N,"0000","2300","1","4000","0000","13","0000","0","0","0","1","A2636","2018-04-11 17:45:49","A2636","2018-04-11 17:45:49","1"
"1","107","1","107","帯パターン107","帯1",\N,"0000","2300","1","4000","0000","13","0000","0","0","0","1","A2636","2018-04-11 17:45:49","A2636","2018-04-11 17:45:49","1"
"1","108","1","108","帯パターン4","帯1",\N,"0000","2300","1","4000","0000","13","0000","0","2","0","1","A2636","2018-04-11 17:45:49","A2636","2018-04-11 17:45:49","1"
"1","109","1","109","帯パターン109","帯1",\N,"0000","2300","1","4000","0000","13","0000","0","0","0","1","A2636","2018-04-11 17:45:49","A2636","2018-04-11 17:45:49","1"
"1","110","1","110","帯パターン4","帯1",\N,"0000","2300","1","4000","0000","13","0000","0","2","0","1","A2636","2018-04-11 17:45:49","A2636","2018-04-11 17:45:49","1"
"1","111","1","111","帯パターン111","帯1",\N,"0000","2300","1","4000","0000","13","0000","0","0","0","1","A2636","2018-04-11 17:45:50","A2636","2018-04-11 17:45:50","1"
"1","113","1","113","帯パターン113","帯1",\N,"0000","2300","1","4000","0000","13","0000","0","0","0","1","A2636","2018-04-11 17:45:50","A2636","2018-04-11 17:45:50","1"
"1","115","1","115","帯パターン115","帯1",\N,"0000","2300","1","4000","0000","13","0000","0","0","0","1","A2636","2018-04-11 17:45:50","A2636","2018-04-11 17:45:50","1"
"1","116","1","116","帯パターン4","帯1",\N,"0000","2300","1","4000","0000","13","0000","0","2","0","1","A2636","2018-04-11 17:45:50","A2636","2018-04-11 17:45:50","1"
"1","117","1","117","帯パターン117","帯1",\N,"0000","2300","1","4000","0000","13","0000","0","0","0","1","A2636","2018-04-11 17:45:50","A2636","2018-04-11 17:45:50","1"
"1","118","1","118","帯パターン4","帯1",\N,"0000","2300","1","4000","0000","13","0000","0","2","0","1","A2636","2018-04-11 17:45:50","A2636","2018-04-11 17:45:50","1"
"1","119","1","119","帯パターン119","帯1",\N,"0000","2300","1","4000","0000","13","0000","0","0","0","1","A2636","2018-04-11 17:45:50","A2636","2018-04-11 17:45:50","1"
"1","121","1","121","帯パターン121","帯1",\N,"0000","2300","1","4000","0000","13","0000","0","0","0","1","A2636","2018-04-11 17:45:50","A2636","2018-04-11 17:45:50","1"
"1","123","1","123","帯パターン123","帯1",\N,"0000","2300","1","4000","0000","13","0000","0","0","0","1","A2636","2018-04-11 17:45:50","A2636","2018-04-11 17:45:50","1"
"1","124","1","124","帯パターン4","帯1",\N,"0000","2300","1","4000","0000","13","0000","0","2","0","1","A2636","2018-04-11 17:45:50","A2636","2018-04-11 17:45:50","1"
"1","125","1","125","帯パターン125","帯1",\N,"0000","2300","1","4000","0000","13","0000","0","0","0","1","A2636","2018-04-11 17:45:50","A2636","2018-04-11 17:45:50","1"
"1","126","1","126","帯パターン4","帯1",\N,"0000","2300","1","4000","0000","13","0000","0","2","0","1","A2636","2018-04-11 17:45:50","A2636","2018-04-11 17:45:50","1"
"1","127","1","127","帯パターン127","帯1",\N,"0000","2300","1","4000","0000","13","0000","0","0","0","1","A2636","2018-04-11 17:45:50","A2636","2018-04-11 17:45:50","1"
"1","129","1","129","帯パターン129","帯1",\N,"0000","2300","1","4000","0000","13","0000","0","0","0","1","A2636","2018-04-11 17:45:50","A2636","2018-04-11 17:45:50","1"
"1","131","1","131","帯パターン131","帯1",\N,"0000","2300","1","4000","0000","13","0000","0","0","0","1","A2636","2018-04-11 17:45:50","A2636","2018-04-11 17:45:50","1"
"1","132","1","132","帯パターン4","帯1",\N,"0000","2300","1","4000","0000","13","0000","0","2","0","1","A2636","2018-04-11 17:45:50","A2636","2018-04-11 17:45:50","1"
"1","133","1","133","帯パターン133","帯1",\N,"0000","2300","1","4000","0000","13","0000","0","0","0","1","A2636","2018-04-11 17:45:50","A2636","2018-04-11 17:45:50","1"
"1","134","1","134","帯パターン4","帯1",\N,"0000","2300","1","4000","0000","13","0000","0","2","0","1","A2636","2018-04-11 17:45:50","A2636","2018-04-11 17:45:50","1"
"1","135","1","135","帯パターン135","帯1",\N,"0000","2300","1","4000","0000","13","0000","0","0","0","1","A2636","2018-04-11 17:45:50","A2636","2018-04-11 17:45:50","1"
"1","137","1","137","帯パターン137","帯1",\N,"0000","2300","1","4000","0000","13","0000","0","0","0","1","A2636","2018-04-11 17:45:50","A2636","2018-04-11 17:45:50","1"
"1","139","1","139","帯パターン139","帯1",\N,"0000","2300","1","4000","0000","13","0000","0","0","0","1","A2636","2018-04-11 17:45:50","A2636","2018-04-11 17:45:50","1"
"1","140","1","140","帯パターン4","帯1",\N,"0000","2300","1","4000","0000","13","0000","0","2","0","1","A2636","2018-04-11 17:45:50","A2636","2018-04-11 17:45:50","1"
"1","141","1","141","帯パターン141","帯1",\N,"0000","2300","1","4000","0000","13","0000","0","0","0","1","A2636","2018-04-11 17:45:50","A2636","2018-04-11 17:45:50","1"
"1","142","1","142","帯パターン4","帯1",\N,"0000","2300","1","4000","0000","13","0000","0","2","0","1","A2636","2018-04-11 17:45:50","A2636","2018-04-11 17:45:50","1"
"1","143","1","143","帯パターン143","帯1",\N,"0000","2300","1","4000","0000","13","0000","0","0","0","1","A2636","2018-04-11 17:45:50","A2636","2018-04-11 17:45:50","1"
"1","145","1","145","帯パターン145","帯1",\N,"0000","2300","1","4000","0000","13","0000","0","0","0","1","A2636","2018-04-11 17:45:51","A2636","2018-04-11 17:45:51","1"
"1","147","1","147","帯パターン147","帯1",\N,"0000","2300","1","4000","0000","13","0000","0","0","0","1","A2636","2018-04-11 17:45:51","A2636","2018-04-11 17:45:51","1"
"1","148","1","148","帯パターン4","帯1",\N,"0000","2300","1","4000","0000","13","0000","0","2","0","1","A2636","2018-04-11 17:45:51","A2636","2018-04-11 17:45:51","1"
"1","149","1","149","帯パターン149","帯1",\N,"0000","2300","1","4000","0000","13","0000","0","0","0","1","A2636","2018-04-11 17:45:51","A2636","2018-04-11 17:45:51","1"
"1","150","1","150","帯パターン4","帯1",\N,"0000","2300","1","4000","0000","13","0000","0","2","0","1","A2636","2018-04-11 17:45:51","A2636","2018-04-11 17:45:51","1"
"1","151","1","151","帯パターン151","帯1",\N,"0000","2300","1","4000","0000","13","0000","0","0","0","1","A2636","2018-04-11 17:45:51","A2636","2018-04-11 17:45:51","1"
"1","153","1","153","帯パターン153","帯1",\N,"0000","2300","1","4000","0000","13","0000","0","0","0","1","A2636","2018-04-11 17:45:51","A2636","2018-04-11 17:45:51","1"
"1","155","1","155","帯パターン155","帯1",\N,"0000","2300","1","4000","0000","13","0000","0","0","0","1","A2636","2018-04-11 17:45:51","A2636","2018-04-11 17:45:51","1"
"1","156","1","156","帯パターン4","帯1",\N,"0000","2300","1","4000","0000","13","0000","0","2","0","1","A2636","2018-04-11 17:45:51","A2636","2018-04-11 17:45:51","1"
"1","157","1","157","帯パターン157","帯1",\N,"0000","2300","1","4000","0000","13","0000","0","0","0","1","A2636","2018-04-11 17:45:51","A2636","2018-04-11 17:45:51","1"
"1","158","1","158","帯パターン4","帯1",\N,"0000","2300","1","4000","0000","13","0000","0","2","0","1","A2636","2018-04-11 17:45:51","A2636","2018-04-11 17:45:51","1"
"1","159","1","159","帯パターン159","帯1",\N,"0000","2300","1","4000","0000","13","0000","0","0","0","1","A2636","2018-04-11 17:45:51","A2636","2018-04-11 17:45:51","1"
"1","161","1","161","帯パターン161","帯1",\N,"0000","2300","1","4000","0000","13","0000","0","0","0","1","A2636","2018-04-11 17:45:51","A2636","2018-04-11 17:45:51","1"
"1","163","1","163","帯パターン163","帯1",\N,"0000","2300","1","4000","0000","13","0000","0","0","0","1","A2636","2018-04-11 17:45:51","A2636","2018-04-11 17:45:51","1"
"1","164","1","164","帯パターン4","帯1",\N,"0000","2300","1","4000","0000","13","0000","0","2","0","1","A2636","2018-04-11 17:45:51","A2636","2018-04-11 17:45:51","1"
"1","165","1","165","帯パターン165","帯1",\N,"0000","2300","1","4000","0000","13","0000","0","0","0","1","A2636","2018-04-11 17:45:51","A2636","2018-04-11 17:45:51","1"
"1","166","1","166","帯パターン4","帯1",\N,"0000","2300","1","4000","0000","13","0000","0","2","0","1","A2636","2018-04-11 17:45:51","A2636","2018-04-11 17:45:51","1"
"1","167","1","167","帯パターン167","帯1",\N,"0000","2300","1","4000","0000","13","0000","0","0","0","1","A2636","2018-04-11 17:45:51","A2636","2018-04-11 17:45:51","1"
"1","169","1","169","帯パターン169","帯1",\N,"0000","2300","1","4000","0000","13","0000","0","0","0","1","A2636","2018-04-11 17:45:51","A2636","2018-04-11 17:45:51","1"
"1","171","1","171","帯パターン171","帯1",\N,"0000","2300","1","4000","0000","13","0000","0","0","0","1","A2636","2018-04-11 17:45:51","A2636","2018-04-11 17:45:51","1"
"1","172","1","172","帯パターン4","帯1",\N,"0000","2300","1","4000","0000","13","0000","0","2","0","1","A2636","2018-04-11 17:45:51","A2636","2018-04-11 17:45:51","1"
"2","1","1","1","帯パターン1","帯1",\N,"0000","2300","1","4000","0000","13","0000","0","2","0","1","A1589","2017-11-27 16:10:01","A2636","2018-04-11 17:46:34","5"
"2","2","1","2","帯パターン2","帯1",\N,"0000","2300","1","4000","0000","13","0000","0","0","0","1","A1589","2017-11-27 16:10:40","A2636","2018-04-11 17:46:34","4"
"2","3","1","3","帯パターン1","帯1",\N,"0000","2300","1","4000","0000","13","0000","0","2","0","1","A1589","2017-11-27 16:10:40","A2636","2018-04-11 17:46:34","4"
"2","4","1","4","帯パターン4","帯1",\N,"0000","2300","1","4000","0000","13","0000","0","0","0","1","A1589","2017-11-27 16:10:40","A2636","2018-04-11 17:46:34","4"
"2","5","1","5","帯パターン1","帯1",\N,"0000","2300","1","4000","0000","13","0000","0","2","0","1","A1589","2017-11-27 16:10:40","A2636","2018-04-11 17:46:34","4"
"2","6","1","6","帯パターン6","帯1",\N,"0000","2300","1","4000","0000","13","0000","0","0","0","1","A1589","2017-11-27 16:10:40","A2636","2018-04-11 17:46:34","4"
"2","7","1","7","帯パターン1","帯1",\N,"0000","2300","1","4000","0000","13","0000","0","2","0","1","A1589","2017-11-27 16:10:40","A2636","2018-04-11 17:46:34","4"
"2","8","1","8","帯パターン8","帯1",\N,"0000","2300","1","4000","0000","13","0000","0","0","0","1","A1589","2017-11-27 16:10:40","A2636","2018-04-11 17:46:34","4"
"2","9","1","9","帯パターン1","帯1",\N,"0000","2300","1","4000","0000","13","0000","0","2","0","1","A1589","2017-11-27 16:10:40","A2636","2018-04-11 17:46:34","4"
"2","10","1","10","帯パターン10","帯1",\N,"0000","2300","1","4000","0000","13","0000","0","0","0","1","A1589","2017-11-27 16:10:40","A2636","2018-04-11 17:46:34","4"
"2","11","1","11","帯パターン1","帯1",\N,"0000","2300","1","4000","0000","13","0000","0","2","0","1","A1589","2017-11-27 16:10:40","A2636","2018-04-11 17:46:34","4"
"2","12","1","12","帯パターン12","帯1",\N,"0000","2300","1","4000","0000","13","0000","0","0","0","1","A1589","2017-11-27 16:10:40","A2636","2018-04-11 17:46:34","4"
"2","13","1","13","帯パターン1","帯1",\N,"0000","2300","1","4000","0000","13","0000","0","2","0","1","A1589","2017-11-27 16:10:40","A2636","2018-04-11 17:46:34","4"
"2","14","1","14","帯パターン14","帯1",\N,"0000","2300","1","4000","0000","13","0000","0","0","0","1","A1589","2017-11-27 16:10:40","A2636","2018-04-11 17:46:34","4"
"2","15","1","15","帯パターン1","帯1",\N,"0000","2300","1","4000","0000","13","0000","0","2","0","1","A1589","2017-11-27 16:10:40","A2636","2018-04-11 17:46:34","4"
"2","16","1","16","帯パターン16","帯1",\N,"0000","2300","1","4000","0000","13","0000","0","0","0","1","A1589","2017-11-27 16:10:41","A2636","2018-04-11 17:46:34","4"
"2","17","1","17","帯パターン1","帯1",\N,"0000","2300","1","4000","0000","13","0000","0","2","0","1","A1589","2017-11-27 16:10:41","A2636","2018-04-11 17:46:34","4"
"2","18","1","18","帯パターン18","帯1",\N,"0000","2300","1","4000","0000","13","0000","0","0","0","1","A1589","2017-11-27 16:10:41","A2636","2018-04-11 17:46:34","4"
"2","19","1","19","帯パターン1","帯1",\N,"0000","2300","1","4000","0000","13","0000","0","2","0","1","A1589","2017-11-27 16:10:41","A2636","2018-04-11 17:46:34","4"
"2","20","1","20","帯パターン20","帯1",\N,"0000","2300","1","4000","0000","13","0000","0","0","0","1","A1589","2017-11-27 16:10:41","A2636","2018-04-11 17:46:34","4"
"2","21","1","21","帯パターン1","帯1",\N,"0000","2300","1","4000","0000","13","0000","0","2","0","1","A1589","2017-11-27 16:10:41","A2636","2018-04-11 17:46:34","4"
"2","22","1","22","帯パターン22","帯1",\N,"0000","2300","1","4000","0000","13","0000","0","0","0","1","A1589","2017-11-27 16:10:41","A2636","2018-04-11 17:46:34","4"
"2","23","1","23","帯パターン1","帯1",\N,"0000","2300","1","4000","0000","13","0000","0","2","0","1","A1589","2017-11-27 16:10:41","A2636","2018-04-11 17:46:34","4"
"2","24","1","24","帯パターン24","帯1",\N,"0000","2300","1","4000","0000","13","0000","0","0","0","1","A1589","2017-11-27 16:10:41","A2636","2018-04-11 17:46:34","4"
"2","26","1","26","帯パターン26","帯1",\N,"0000","2300","1","4000","0000","13","0000","0","3","0","1","B79321","2018-02-12 12:24:18","A2636","2018-04-11 17:46:34","2"
"2","27","1","27","帯パターン27","帯1",\N,"0000","2300","1","4000","0000","13","0000","0","2","0","1","A2636","2018-04-11 17:46:10","A2636","2018-04-11 17:46:34","2"
"2","29","1","29","帯パターン29","帯1",\N,"0000","2300","1","4000","0000","13","0000","0","0","0","1","A2636","2018-04-11 17:46:35","A2636","2018-04-11 17:46:35","1"
"2","31","1","31","帯パターン31","帯1",\N,"0000","2300","1","4000","0000","13","0000","0","0","0","1","A2636","2018-04-11 17:46:35","A2636","2018-04-11 17:46:35","1"
"2","32","1","32","帯パターン1","帯1",\N,"0000","2300","1","4000","0000","13","0000","0","2","0","1","A2636","2018-04-11 17:46:35","A2636","2018-04-11 17:46:35","1"
"2","33","1","33","帯パターン33","帯1",\N,"0000","2300","1","4000","0000","13","0000","0","0","0","1","A2636","2018-04-11 17:46:35","A2636","2018-04-11 17:46:35","1"
"2","34","1","34","帯パターン1","帯1",\N,"0000","2300","1","4000","0000","13","0000","0","2","0","1","A2636","2018-04-11 17:46:35","A2636","2018-04-11 17:46:35","1"
"2","35","1","35","帯パターン35","帯1",\N,"0000","2300","1","4000","0000","13","0000","0","0","0","1","A2636","2018-04-11 17:46:35","A2636","2018-04-11 17:46:35","1"
"2","37","1","37","帯パターン37","帯1",\N,"0000","2300","1","4000","0000","13","0000","0","0","0","1","A2636","2018-04-11 17:46:35","A2636","2018-04-11 17:46:35","1"
"2","39","1","39","帯パターン39","帯1",\N,"0000","2300","1","4000","0000","13","0000","0","0","0","1","A2636","2018-04-11 17:46:35","A2636","2018-04-11 17:46:35","1"
"2","40","1","40","帯パターン1","帯1",\N,"0000","2300","1","4000","0000","13","0000","0","2","0","1","A2636","2018-04-11 17:46:35","A2636","2018-04-11 17:46:35","1"
"2","41","1","41","帯パターン41","帯1",\N,"0000","2300","1","4000","0000","13","0000","0","0","0","1","A2636","2018-04-11 17:46:35","A2636","2018-04-11 17:46:35","1"
"2","42","1","42","帯パターン1","帯1",\N,"0000","2300","1","4000","0000","13","0000","0","2","0","1","A2636","2018-04-11 17:46:35","A2636","2018-04-11 17:46:35","1"
"2","43","1","43","帯パターン43","帯1",\N,"0000","2300","1","4000","0000","13","0000","0","0","0","1","A2636","2018-04-11 17:46:35","A2636","2018-04-11 17:46:35","1"
"2","45","1","45","帯パターン45","帯1",\N,"0000","2300","1","4000","0000","13","0000","0","0","0","1","A2636","2018-04-11 17:46:35","A2636","2018-04-11 17:46:35","1"
"2","47","1","47","帯パターン47","帯1",\N,"0000","2300","1","4000","0000","13","0000","0","0","0","1","A2636","2018-04-11 17:46:35","A2636","2018-04-11 17:46:35","1"
"2","48","1","48","帯パターン1","帯1",\N,"0000","2300","1","4000","0000","13","0000","0","2","0","1","A2636","2018-04-11 17:46:35","A2636","2018-04-11 17:46:35","1"
"2","49","1","49","帯パターン49","帯1",\N,"0000","2300","1","4000","0000","13","0000","0","0","0","1","A2636","2018-04-11 17:46:35","A2636","2018-04-11 17:46:35","1"
"2","50","1","50","帯パターン1","帯1",\N,"0000","2300","1","4000","0000","13","0000","0","2","0","1","A2636","2018-04-11 17:46:35","A2636","2018-04-11 17:46:35","1"
"2","51","1","51","帯パターン51","帯1",\N,"0000","2300","1","4000","0000","13","0000","0","0","0","1","A2636","2018-04-11 17:46:35","A2636","2018-04-11 17:46:35","1"
"2","53","1","53","帯パターン53","帯1",\N,"0000","2300","1","4000","0000","13","0000","0","0","0","1","A2636","2018-04-11 17:46:35","A2636","2018-04-11 17:46:35","1"
"2","55","1","55","帯パターン55","帯1",\N,"0000","2300","1","4000","0000","13","0000","0","0","0","1","A2636","2018-04-11 17:46:35","A2636","2018-04-11 17:46:35","1"
"2","56","1","56","帯パターン1","帯1",\N,"0000","2300","1","4000","0000","13","0000","0","2","0","1","A2636","2018-04-11 17:46:35","A2636","2018-04-11 17:46:35","1"
"2","57","1","57","帯パターン57","帯1",\N,"0000","2300","1","4000","0000","13","0000","0","0","0","1","A2636","2018-04-11 17:46:36","A2636","2018-04-11 17:46:36","1"
"2","58","1","58","帯パターン1","帯1",\N,"0000","2300","1","4000","0000","13","0000","0","2","0","1","A2636","2018-04-11 17:46:36","A2636","2018-04-11 17:46:36","1"
"2","59","1","59","帯パターン59","帯1",\N,"0000","2300","1","4000","0000","13","0000","0","0","0","1","A2636","2018-04-11 17:46:36","A2636","2018-04-11 17:46:36","1"
"2","61","1","61","帯パターン61","帯1",\N,"0000","2300","1","4000","0000","13","0000","0","0","0","1","A2636","2018-04-11 17:46:36","A2636","2018-04-11 17:46:36","1"
"2","63","1","63","帯パターン63","帯1",\N,"0000","2300","1","4000","0000","13","0000","0","0","0","1","A2636","2018-04-11 17:46:36","A2636","2018-04-11 17:46:36","1"
"2","64","1","64","帯パターン1","帯1",\N,"0000","2300","1","4000","0000","13","0000","0","2","0","1","A2636","2018-04-11 17:46:36","A2636","2018-04-11 17:46:36","1"
"2","65","1","65","帯パターン65","帯1",\N,"0000","2300","1","4000","0000","13","0000","0","0","0","1","A2636","2018-04-11 17:46:36","A2636","2018-04-11 17:46:36","1"
"2","66","1","66","帯パターン1","帯1",\N,"0000","2300","1","4000","0000","13","0000","0","2","0","1","A2636","2018-04-11 17:46:36","A2636","2018-04-11 17:46:36","1"
"2","67","1","67","帯パターン67","帯1",\N,"0000","2300","1","4000","0000","13","0000","0","0","0","1","A2636","2018-04-11 17:46:36","A2636","2018-04-11 17:46:36","1"
"2","69","1","69","帯パターン69","帯1",\N,"0000","2300","1","4000","0000","13","0000","0","0","0","1","A2636","2018-04-11 17:46:36","A2636","2018-04-11 17:46:36","1"
"2","71","1","71","帯パターン71","帯1",\N,"0000","2300","1","4000","0000","13","0000","0","0","0","1","A2636","2018-04-11 17:46:36","A2636","2018-04-11 17:46:36","1"
"2","72","1","72","帯パターン1","帯1",\N,"0000","2300","1","4000","0000","13","0000","0","2","0","1","A2636","2018-04-11 17:46:36","A2636","2018-04-11 17:46:36","1"
"2","73","1","73","帯パターン73","帯1",\N,"0000","2300","1","4000","0000","13","0000","0","0","0","1","A2636","2018-04-11 17:46:36","A2636","2018-04-11 17:46:36","1"
"2","74","1","74","帯パターン1","帯1",\N,"0000","2300","1","4000","0000","13","0000","0","2","0","1","A2636","2018-04-11 17:46:36","A2636","2018-04-11 17:46:36","1"
"2","75","1","75","帯パターン75","帯1",\N,"0000","2300","1","4000","0000","13","0000","0","0","0","1","A2636","2018-04-11 17:46:36","A2636","2018-04-11 17:46:36","1"
"2","77","1","77","帯パターン77","帯1",\N,"0000","2300","1","4000","0000","13","0000","0","0","0","1","A2636","2018-04-11 17:46:36","A2636","2018-04-11 17:46:36","1"
"2","79","1","79","帯パターン79","帯1",\N,"0000","2300","1","4000","0000","13","0000","0","0","0","1","A2636","2018-04-11 17:46:36","A2636","2018-04-11 17:46:36","1"
"2","80","1","80","帯パターン1","帯1",\N,"0000","2300","1","4000","0000","13","0000","0","2","0","1","A2636","2018-04-11 17:46:36","A2636","2018-04-11 17:46:36","1"
"2","81","1","81","帯パターン81","帯1",\N,"0000","2300","1","4000","0000","13","0000","0","0","0","1","A2636","2018-04-11 17:46:36","A2636","2018-04-11 17:46:36","1"
"2","82","1","82","帯パターン1","帯1",\N,"0000","2300","1","4000","0000","13","0000","0","2","0","1","A2636","2018-04-11 17:46:36","A2636","2018-04-11 17:46:36","1"
"2","83","1","83","帯パターン83","帯1",\N,"0000","2300","1","4000","0000","13","0000","0","0","0","1","A2636","2018-04-11 17:46:36","A2636","2018-04-11 17:46:36","1"
"2","85","1","85","帯パターン85","帯1",\N,"0000","2300","1","4000","0000","13","0000","0","0","0","1","A2636","2018-04-11 17:46:36","A2636","2018-04-11 17:46:36","1"
"2","87","1","87","帯パターン87","帯1",\N,"0000","2300","1","4000","0000","13","0000","0","0","0","1","A2636","2018-04-11 17:46:36","A2636","2018-04-11 17:46:36","1"
"2","88","1","88","帯パターン1","帯1",\N,"0000","2300","1","4000","0000","13","0000","0","2","0","1","A2636","2018-04-11 17:46:36","A2636","2018-04-11 17:46:36","1"
"2","89","1","89","帯パターン89","帯1",\N,"0000","2300","1","4000","0000","13","0000","0","0","0","1","A2636","2018-04-11 17:46:36","A2636","2018-04-11 17:46:36","1"
"2","90","1","90","帯パターン1","帯1",\N,"0000","2300","1","4000","0000","13","0000","0","2","0","1","A2636","2018-04-11 17:46:36","A2636","2018-04-11 17:46:36","1"
"2","91","1","91","帯パターン91","帯1",\N,"0000","2300","1","4000","0000","13","0000","0","0","0","1","A2636","2018-04-11 17:46:37","A2636","2018-04-11 17:46:37","1"
"2","93","1","93","帯パターン93","帯1",\N,"0000","2300","1","4000","0000","13","0000","0","0","0","1","A2636","2018-04-11 17:46:37","A2636","2018-04-11 17:46:37","1"
"2","95","1","95","帯パターン95","帯1",\N,"0000","2300","1","4000","0000","13","0000","0","0","0","1","A2636","2018-04-11 17:46:37","A2636","2018-04-11 17:46:37","1"
"2","96","1","96","帯パターン1","帯1",\N,"0000","2300","1","4000","0000","13","0000","0","2","0","1","A2636","2018-04-11 17:46:37","A2636","2018-04-11 17:46:37","1"
"2","97","1","97","帯パターン97","帯1",\N,"0000","2300","1","4000","0000","13","0000","0","0","0","1","A2636","2018-04-11 17:46:37","A2636","2018-04-11 17:46:37","1"
"2","98","1","98","帯パターン1","帯1",\N,"0000","2300","1","4000","0000","13","0000","0","2","0","1","A2636","2018-04-11 17:46:37","A2636","2018-04-11 17:46:37","1"
"2","99","1","99","帯パターン99","帯1",\N,"0000","2300","1","4000","0000","13","0000","0","0","0","1","A2636","2018-04-11 17:46:37","A2636","2018-04-11 17:46:37","1"
"2","101","1","101","帯パターン101","帯1",\N,"0000","2300","1","4000","0000","13","0000","0","0","0","1","A2636","2018-04-11 17:46:37","A2636","2018-04-11 17:46:37","1"
"2","103","1","103","帯パターン103","帯1",\N,"0000","2300","1","4000","0000","13","0000","0","0","0","1","A2636","2018-04-11 17:46:37","A2636","2018-04-11 17:46:37","1"
"2","104","1","104","帯パターン1","帯1",\N,"0000","2300","1","4000","0000","13","0000","0","2","0","1","A2636","2018-04-11 17:46:37","A2636","2018-04-11 17:46:37","1"
"2","105","1","105","帯パターン105","帯1",\N,"0000","2300","1","4000","0000","13","0000","0","0","0","1","A2636","2018-04-11 17:46:37","A2636","2018-04-11 17:46:37","1"
"2","106","1","106","帯パターン1","帯1",\N,"0000","2300","1","4000","0000","13","0000","0","2","0","1","A2636","2018-04-11 17:46:37","A2636","2018-04-11 17:46:37","1"
"2","107","1","107","帯パターン107","帯1",\N,"0000","2300","1","4000","0000","13","0000","0","0","0","1","A2636","2018-04-11 17:46:37","A2636","2018-04-11 17:46:37","1"
"2","109","1","109","帯パターン109","帯1",\N,"0000","2300","1","4000","0000","13","0000","0","0","0","1","A2636","2018-04-11 17:46:37","A2636","2018-04-11 17:46:37","1"
"2","111","1","111","帯パターン111","帯1",\N,"0000","2300","1","4000","0000","13","0000","0","0","0","1","A2636","2018-04-11 17:46:37","A2636","2018-04-11 17:46:37","1"
"2","112","1","112","帯パターン1","帯1",\N,"0000","2300","1","4000","0000","13","0000","0","2","0","1","A2636","2018-04-11 17:46:37","A2636","2018-04-11 17:46:37","1"
"2","113","1","113","帯パターン113","帯1",\N,"0000","2300","1","4000","0000","13","0000","0","0","0","1","A2636","2018-04-11 17:46:37","A2636","2018-04-11 17:46:37","1"
"2","114","1","114","帯パターン1","帯1",\N,"0000","2300","1","4000","0000","13","0000","0","2","0","1","A2636","2018-04-11 17:46:37","A2636","2018-04-11 17:46:37","1"
"2","115","1","115","帯パターン115","帯1",\N,"0000","2300","1","4000","0000","13","0000","0","0","0","1","A2636","2018-04-11 17:46:37","A2636","2018-04-11 17:46:37","1"
"2","117","1","117","帯パターン117","帯1",\N,"0000","2300","1","4000","0000","13","0000","0","0","0","1","A2636","2018-04-11 17:46:37","A2636","2018-04-11 17:46:37","1"
"2","119","1","119","帯パターン119","帯1",\N,"0000","2300","1","4000","0000","13","0000","0","0","0","1","A2636","2018-04-11 17:46:37","A2636","2018-04-11 17:46:37","1"
"2","120","1","120","帯パターン1","帯1",\N,"0000","2300","1","4000","0000","13","0000","0","2","0","1","A2636","2018-04-11 17:46:37","A2636","2018-04-11 17:46:37","1"
"2","121","1","121","帯パターン121","帯1",\N,"0000","2300","1","4000","0000","13","0000","0","0","0","1","A2636","2018-04-11 17:46:37","A2636","2018-04-11 17:46:37","1"
"2","122","1","122","帯パターン1","帯1",\N,"0000","2300","1","4000","0000","13","0000","0","2","0","1","A2636","2018-04-11 17:46:37","A2636","2018-04-11 17:46:37","1"
"2","123","1","123","帯パターン123","帯1",\N,"0000","2300","1","4000","0000","13","0000","0","0","0","1","A2636","2018-04-11 17:46:37","A2636","2018-04-11 17:46:37","1"
"2","125","1","125","帯パターン125","帯1",\N,"0000","2300","1","4000","0000","13","0000","0","0","0","1","A2636","2018-04-11 17:46:38","A2636","2018-04-11 17:46:38","1"
"2","127","1","127","帯パターン127","帯1",\N,"0000","2300","1","4000","0000","13","0000","0","0","0","1","A2636","2018-04-11 17:46:38","A2636","2018-04-11 17:46:38","1"
"2","128","1","128","帯パターン1","帯1",\N,"0000","2300","1","4000","0000","13","0000","0","2","0","1","A2636","2018-04-11 17:46:38","A2636","2018-04-11 17:46:38","1"
"2","129","1","129","帯パターン129","帯1",\N,"0000","2300","1","4000","0000","13","0000","0","0","0","1","A2636","2018-04-11 17:46:38","A2636","2018-04-11 17:46:38","1"
"2","130","1","130","帯パターン1","帯1",\N,"0000","2300","1","4000","0000","13","0000","0","2","0","1","A2636","2018-04-11 17:46:38","A2636","2018-04-11 17:46:38","1"
"2","131","1","131","帯パターン131","帯1",\N,"0000","2300","1","4000","0000","13","0000","0","0","0","1","A2636","2018-04-11 17:46:38","A2636","2018-04-11 17:46:38","1"
"2","133","1","133","帯パターン133","帯1",\N,"0000","2300","1","4000","0000","13","0000","0","0","0","1","A2636","2018-04-11 17:46:38","A2636","2018-04-11 17:46:38","1"
"2","135","1","135","帯パターン135","帯1",\N,"0000","2300","1","4000","0000","13","0000","0","0","0","1","A2636","2018-04-11 17:46:38","A2636","2018-04-11 17:46:38","1"
"2","136","1","136","帯パターン1","帯1",\N,"0000","2300","1","4000","0000","13","0000","0","2","0","1","A2636","2018-04-11 17:46:38","A2636","2018-04-11 17:46:38","1"
"2","137","1","137","帯パターン137","帯1",\N,"0000","2300","1","4000","0000","13","0000","0","0","0","1","A2636","2018-04-11 17:46:38","A2636","2018-04-11 17:46:38","1"
"2","138","1","138","帯パターン1","帯1",\N,"0000","2300","1","4000","0000","13","0000","0","2","0","1","A2636","2018-04-11 17:46:38","A2636","2018-04-11 17:46:38","1"
"2","139","1","139","帯パターン139","帯1",\N,"0000","2300","1","4000","0000","13","0000","0","0","0","1","A2636","2018-04-11 17:46:38","A2636","2018-04-11 17:46:38","1"
"2","141","1","141","帯パターン141","帯1",\N,"0000","2300","1","4000","0000","13","0000","0","0","0","1","A2636","2018-04-11 17:46:38","A2636","2018-04-11 17:46:38","1"
"2","143","1","143","帯パターン143","帯1",\N,"0000","2300","1","4000","0000","13","0000","0","0","0","1","A2636","2018-04-11 17:46:38","A2636","2018-04-11 17:46:38","1"
"2","144","1","144","帯パターン1","帯1",\N,"0000","2300","1","4000","0000","13","0000","0","2","0","1","A2636","2018-04-11 17:46:38","A2636","2018-04-11 17:46:38","1"
"2","145","1","145","帯パターン145","帯1",\N,"0000","2300","1","4000","0000","13","0000","0","0","0","1","A2636","2018-04-11 17:46:38","A2636","2018-04-11 17:46:38","1"
"2","146","1","146","帯パターン1","帯1",\N,"0000","2300","1","4000","0000","13","0000","0","2","0","1","A2636","2018-04-11 17:46:38","A2636","2018-04-11 17:46:38","1"
"2","147","1","147","帯パターン147","帯1",\N,"0000","2300","1","4000","0000","13","0000","0","0","0","1","A2636","2018-04-11 17:46:38","A2636","2018-04-11 17:46:38","1"
"2","149","1","149","帯パターン149","帯1",\N,"0000","2300","1","4000","0000","13","0000","0","0","0","1","A2636","2018-04-11 17:46:38","A2636","2018-04-11 17:46:38","1"
"2","151","1","151","帯パターン151","帯1",\N,"0000","2300","1","4000","0000","13","0000","0","0","0","1","A2636","2018-04-11 17:46:38","A2636","2018-04-11 17:46:38","1"
"2","152","1","152","帯パターン1","帯1",\N,"0000","2300","1","4000","0000","13","0000","0","2","0","1","A2636","2018-04-11 17:46:38","A2636","2018-04-11 17:46:38","1"
"2","153","1","153","帯パターン153","帯1",\N,"0000","2300","1","4000","0000","13","0000","0","0","0","1","A2636","2018-04-11 17:46:38","A2636","2018-04-11 17:46:38","1"
"2","154","1","154","帯パターン1","帯1",\N,"0000","2300","1","4000","0000","13","0000","0","2","0","1","A2636","2018-04-11 17:46:38","A2636","2018-04-11 17:46:38","1"
"2","155","1","155","帯パターン155","帯1",\N,"0000","2300","1","4000","0000","13","0000","0","0","0","1","A2636","2018-04-11 17:46:38","A2636","2018-04-11 17:46:38","1"
"2","157","1","157","帯パターン157","帯1",\N,"0000","2300","1","4000","0000","13","0000","0","0","0","1","A2636","2018-04-11 17:46:38","A2636","2018-04-11 17:46:38","1"
"2","159","1","159","帯パターン159","帯1",\N,"0000","2300","1","4000","0000","13","0000","0","0","0","1","A2636","2018-04-11 17:46:39","A2636","2018-04-11 17:46:39","1"
"2","160","1","160","帯パターン1","帯1",\N,"0000","2300","1","4000","0000","13","0000","0","2","0","1","A2636","2018-04-11 17:46:39","A2636","2018-04-11 17:46:39","1"
"2","161","1","161","帯パターン161","帯1",\N,"0000","2300","1","4000","0000","13","0000","0","0","0","1","A2636","2018-04-11 17:46:39","A2636","2018-04-11 17:46:39","1"
"2","162","1","162","帯パターン1","帯1",\N,"0000","2300","1","4000","0000","13","0000","0","2","0","1","A2636","2018-04-11 17:46:39","A2636","2018-04-11 17:46:39","1"
"2","163","1","163","帯パターン163","帯1",\N,"0000","2300","1","4000","0000","13","0000","0","0","0","1","A2636","2018-04-11 17:46:39","A2636","2018-04-11 17:46:39","1"
"2","165","1","165","帯パターン165","帯1",\N,"0000","2300","1","4000","0000","13","0000","0","0","0","1","A2636","2018-04-11 17:46:39","A2636","2018-04-11 17:46:39","1"
"2","167","1","167","帯パターン167","帯1",\N,"0000","2300","1","4000","0000","13","0000","0","0","0","1","A2636","2018-04-11 17:46:39","A2636","2018-04-11 17:46:39","1"
"2","168","1","168","帯パターン1","帯1",\N,"0000","2300","1","4000","0000","13","0000","0","2","0","1","A2636","2018-04-11 17:46:39","A2636","2018-04-11 17:46:39","1"
"3","1","1","1","帯パターン1","帯1",\N,"0000","2300","1","4000","0000","13","0000","0","1","0","1","A1589","2017-11-27 16:11:57","A2636","2018-04-11 17:47:54","4"
"3","2","1","2","帯パターン2","帯1",\N,"0000","2300","1","4000","0000","13","0000","0","0","0","1","A1589","2017-11-27 16:12:16","A2636","2018-04-11 17:47:54","3"
"3","3","1","3","帯パターン1","帯1",\N,"0000","2300","1","4000","0000","13","0000","0","1","0","1","A1589","2017-11-27 16:12:16","A2636","2018-04-11 17:47:54","3"
"3","4","1","4","帯パターン4","帯1",\N,"0000","2300","1","4000","0000","13","0000","0","0","0","1","A1589","2017-11-27 16:12:16","A2636","2018-04-11 17:47:54","3"
"3","5","1","5","帯パターン1","帯1",\N,"0000","2300","1","4000","0000","13","0000","0","1","0","1","A1589","2017-11-27 16:12:16","A2636","2018-04-11 17:47:54","3"
"3","6","1","6","帯パターン6","帯1",\N,"0000","2300","1","4000","0000","13","0000","0","0","0","1","A1589","2017-11-27 16:12:16","A2636","2018-04-11 17:47:54","3"
"3","7","1","7","帯パターン1","帯1",\N,"0000","2300","1","4000","0000","13","0000","0","1","0","1","A1589","2017-11-27 16:12:16","A2636","2018-04-11 17:47:54","3"
"3","8","1","8","帯パターン8","帯1",\N,"0000","2300","1","4000","0000","13","0000","0","0","0","1","A1589","2017-11-27 16:12:16","A2636","2018-04-11 17:47:54","3"
"3","9","1","9","帯パターン1","帯1",\N,"0000","2300","1","4000","0000","13","0000","0","1","0","1","A1589","2017-11-27 16:12:16","A2636","2018-04-11 17:47:54","3"
"3","10","1","10","帯パターン10","帯1",\N,"0000","2300","1","4000","0000","13","0000","0","0","0","1","A1589","2017-11-27 16:12:16","A2636","2018-04-11 17:47:54","3"
"3","11","1","11","帯パターン1","帯1",\N,"0000","2300","1","4000","0000","13","0000","0","1","0","1","A1589","2017-11-27 16:12:16","A2636","2018-04-11 17:47:54","3"
"3","12","1","12","帯パターン12","帯1",\N,"0000","2300","1","4000","0000","13","0000","0","0","0","1","A1589","2017-11-27 16:12:16","A2636","2018-04-11 17:47:54","3"
"3","13","1","13","帯パターン1","帯1",\N,"0000","2300","1","4000","0000","13","0000","0","1","0","1","A1589","2017-11-27 16:12:16","A2636","2018-04-11 17:47:54","3"
"3","14","1","14","帯パターン14","帯1",\N,"0000","2300","1","4000","0000","13","0000","0","0","0","1","A1589","2017-11-27 16:12:16","A2636","2018-04-11 17:47:54","3"
"3","15","1","15","帯パターン1","帯1",\N,"0000","2300","1","4000","0000","13","0000","0","1","0","1","A1589","2017-11-27 16:12:16","A2636","2018-04-11 17:47:54","3"
"3","16","1","16","帯パターン16","帯1",\N,"0000","2300","1","4000","0000","13","0000","0","0","0","1","A1589","2017-11-27 16:12:16","A2636","2018-04-11 17:47:54","3"
"3","17","1","17","帯パターン1","帯1",\N,"0000","2300","1","4000","0000","13","0000","0","1","0","1","A1589","2017-11-27 16:12:16","A2636","2018-04-11 17:47:54","3"
"3","18","1","18","帯パターン18","帯1",\N,"0000","2300","1","4000","0000","13","0000","0","0","0","1","A1589","2017-11-27 16:12:16","A2636","2018-04-11 17:47:54","3"
"3","19","1","19","帯パターン1","帯1",\N,"0000","2300","1","4000","0000","13","0000","0","1","0","1","A1589","2017-11-27 16:12:16","A2636","2018-04-11 17:47:54","3"
"3","20","1","20","帯パターン20","帯1",\N,"0000","2300","1","4000","0000","13","0000","0","0","0","1","A1589","2017-11-27 16:12:16","A2636","2018-04-11 17:47:54","3"
"3","21","1","21","帯パターン1","帯1",\N,"0000","2300","1","4000","0000","13","0000","0","1","0","1","A1589","2017-11-27 16:12:16","A2636","2018-04-11 17:47:54","3"
"3","22","1","22","帯パターン22","帯1",\N,"0000","2300","1","4000","0000","13","0000","0","0","0","1","A1589","2017-11-27 16:12:16","A2636","2018-04-11 17:47:54","3"
"3","23","1","23","帯パターン1","帯1",\N,"0000","2300","1","4000","0000","13","0000","0","1","0","1","A1589","2017-11-27 16:12:17","A2636","2018-04-11 17:47:54","3"
"3","24","1","24","帯パターン24","帯1",\N,"0000","2300","1","4000","0000","13","0000","0","0","0","1","A1589","2017-11-27 16:12:17","A2636","2018-04-11 17:47:54","3"
"3","25","1","25","帯パターン1","帯1",\N,"0000","2300","1","4000","0000","13","0000","0","1","0","1","A1589","2017-11-27 16:12:17","A2636","2018-04-11 17:47:54","3"
"3","26","1","26","帯パターン26","帯1",\N,"0000","2300","1","4000","0000","13","0000","0","0","0","1","A2636","2018-04-11 17:47:54","A2636","2018-04-11 17:47:54","1"
"3","27","1","27","帯パターン1","帯1",\N,"0000","2300","1","4000","0000","13","0000","0","1","0","1","A2636","2018-04-11 17:47:54","A2636","2018-04-11 17:47:54","1"
"3","28","1","28","帯パターン28","帯1",\N,"0000","2300","1","4000","0000","13","0000","0","0","0","1","A2636","2018-04-11 17:47:54","A2636","2018-04-11 17:47:54","1"
"3","29","1","29","帯パターン1","帯1",\N,"0000","2300","1","4000","0000","13","0000","0","1","0","1","A2636","2018-04-11 17:47:54","A2636","2018-04-11 17:47:54","1"
"3","30","1","30","帯パターン30","帯1",\N,"0000","2300","1","4000","0000","13","0000","0","0","0","1","A2636","2018-04-11 17:47:54","A2636","2018-04-11 17:47:54","1"
"3","31","1","31","帯パターン1","帯1",\N,"0000","2300","1","4000","0000","13","0000","0","1","0","1","A2636","2018-04-11 17:47:54","A2636","2018-04-11 17:47:54","1"
"3","32","1","32","帯パターン32","帯1",\N,"0000","2300","1","4000","0000","13","0000","0","0","0","1","A2636","2018-04-11 17:47:54","A2636","2018-04-11 17:47:54","1"
"3","33","1","33","帯パターン1","帯1",\N,"0000","2300","1","4000","0000","13","0000","0","1","0","1","A2636","2018-04-11 17:47:54","A2636","2018-04-11 17:47:54","1"
"3","34","1","34","帯パターン34","帯1",\N,"0000","2300","1","4000","0000","13","0000","0","0","0","1","A2636","2018-04-11 17:47:54","A2636","2018-04-11 17:47:54","1"
"3","35","1","35","帯パターン1","帯1",\N,"0000","2300","1","4000","0000","13","0000","0","1","0","1","A2636","2018-04-11 17:47:54","A2636","2018-04-11 17:47:54","1"
"3","36","1","36","帯パターン36","帯1",\N,"0000","2300","1","4000","0000","13","0000","0","0","0","1","A2636","2018-04-11 17:47:54","A2636","2018-04-11 17:47:54","1"
"3","37","1","37","帯パターン1","帯1",\N,"0000","2300","1","4000","0000","13","0000","0","1","0","1","A2636","2018-04-11 17:47:54","A2636","2018-04-11 17:47:54","1"
"3","38","1","38","帯パターン38","帯1",\N,"0000","2300","1","4000","0000","13","0000","0","0","0","1","A2636","2018-04-11 17:47:54","A2636","2018-04-11 17:47:54","1"
"3","39","1","39","帯パターン1","帯1",\N,"0000","2300","1","4000","0000","13","0000","0","1","0","1","A2636","2018-04-11 17:47:54","A2636","2018-04-11 17:47:54","1"
"3","40","1","40","帯パターン40","帯1",\N,"0000","2300","1","4000","0000","13","0000","0","0","0","1","A2636","2018-04-11 17:47:54","A2636","2018-04-11 17:47:54","1"
"3","41","1","41","帯パターン1","帯1",\N,"0000","2300","1","4000","0000","13","0000","0","1","0","1","A2636","2018-04-11 17:47:54","A2636","2018-04-11 17:47:54","1"
"3","42","1","42","帯パターン42","帯1",\N,"0000","2300","1","4000","0000","13","0000","0","0","0","1","A2636","2018-04-11 17:47:55","A2636","2018-04-11 17:47:55","1"
"3","43","1","43","帯パターン1","帯1",\N,"0000","2300","1","4000","0000","13","0000","0","1","0","1","A2636","2018-04-11 17:47:55","A2636","2018-04-11 17:47:55","1"
"3","44","1","44","帯パターン44","帯1",\N,"0000","2300","1","4000","0000","13","0000","0","0","0","1","A2636","2018-04-11 17:47:55","A2636","2018-04-11 17:47:55","1"
"3","45","1","45","帯パターン1","帯1",\N,"0000","2300","1","4000","0000","13","0000","0","1","0","1","A2636","2018-04-11 17:47:55","A2636","2018-04-11 17:47:55","1"
"3","46","1","46","帯パターン46","帯1",\N,"0000","2300","1","4000","0000","13","0000","0","0","0","1","A2636","2018-04-11 17:47:55","A2636","2018-04-11 17:47:55","1"
"3","47","1","47","帯パターン1","帯1",\N,"0000","2300","1","4000","0000","13","0000","0","1","0","1","A2636","2018-04-11 17:47:55","A2636","2018-04-11 17:47:55","1"
"3","48","1","48","帯パターン48","帯1",\N,"0000","2300","1","4000","0000","13","0000","0","0","0","1","A2636","2018-04-11 17:47:55","A2636","2018-04-11 17:47:55","1"
"3","49","1","49","帯パターン1","帯1",\N,"0000","2300","1","4000","0000","13","0000","0","1","0","1","A2636","2018-04-11 17:47:55","A2636","2018-04-11 17:47:55","1"
"3","50","1","50","帯パターン50","帯1",\N,"0000","2300","1","4000","0000","13","0000","0","0","0","1","A2636","2018-04-11 17:47:55","A2636","2018-04-11 17:47:55","1"
"3","51","1","51","帯パターン1","帯1",\N,"0000","2300","1","4000","0000","13","0000","0","1","0","1","A2636","2018-04-11 17:47:55","A2636","2018-04-11 17:47:55","1"
"3","52","1","52","帯パターン52","帯1",\N,"0000","2300","1","4000","0000","13","0000","0","0","0","1","A2636","2018-04-11 17:47:55","A2636","2018-04-11 17:47:55","1"
"3","53","1","53","帯パターン1","帯1",\N,"0000","2300","1","4000","0000","13","0000","0","1","0","1","A2636","2018-04-11 17:47:55","A2636","2018-04-11 17:47:55","1"
"3","54","1","54","帯パターン54","帯1",\N,"0000","2300","1","4000","0000","13","0000","0","0","0","1","A2636","2018-04-11 17:47:55","A2636","2018-04-11 17:47:55","1"
"3","55","1","55","帯パターン1","帯1",\N,"0000","2300","1","4000","0000","13","0000","0","1","0","1","A2636","2018-04-11 17:47:55","A2636","2018-04-11 17:47:55","1"
"3","56","1","56","帯パターン56","帯1",\N,"0000","2300","1","4000","0000","13","0000","0","0","0","1","A2636","2018-04-11 17:47:55","A2636","2018-04-11 17:47:55","1"
"3","57","1","57","帯パターン1","帯1",\N,"0000","2300","1","4000","0000","13","0000","0","1","0","1","A2636","2018-04-11 17:47:55","A2636","2018-04-11 17:47:55","1"
"3","58","1","58","帯パターン58","帯1",\N,"0000","2300","1","4000","0000","13","0000","0","0","0","1","A2636","2018-04-11 17:47:55","A2636","2018-04-11 17:47:55","1"
"3","59","1","59","帯パターン1","帯1",\N,"0000","2300","1","4000","0000","13","0000","0","1","0","1","A2636","2018-04-11 17:47:55","A2636","2018-04-11 17:47:55","1"
"3","60","1","60","帯パターン60","帯1",\N,"0000","2300","1","4000","0000","13","0000","0","0","0","1","A2636","2018-04-11 17:47:55","A2636","2018-04-11 17:47:55","1"
"3","61","1","61","帯パターン1","帯1",\N,"0000","2300","1","4000","0000","13","0000","0","1","0","1","A2636","2018-04-11 17:47:55","A2636","2018-04-11 17:47:55","1"
"3","62","1","62","帯パターン62","帯1",\N,"0000","2300","1","4000","0000","13","0000","0","0","0","1","A2636","2018-04-11 17:47:55","A2636","2018-04-11 17:47:55","1"
"3","63","1","63","帯パターン1","帯1",\N,"0000","2300","1","4000","0000","13","0000","0","1","0","1","A2636","2018-04-11 17:47:55","A2636","2018-04-11 17:47:55","1"
"3","64","1","64","帯パターン64","帯1",\N,"0000","2300","1","4000","0000","13","0000","0","0","0","1","A2636","2018-04-11 17:47:55","A2636","2018-04-11 17:47:55","1"
"3","65","1","65","帯パターン1","帯1",\N,"0000","2300","1","4000","0000","13","0000","0","1","0","1","A2636","2018-04-11 17:47:55","A2636","2018-04-11 17:47:55","1"
"3","66","1","66","帯パターン66","帯1",\N,"0000","2300","1","4000","0000","13","0000","0","0","0","1","A2636","2018-04-11 17:47:55","A2636","2018-04-11 17:47:55","1"
"3","67","1","67","帯パターン1","帯1",\N,"0000","2300","1","4000","0000","13","0000","0","1","0","1","A2636","2018-04-11 17:47:55","A2636","2018-04-11 17:47:55","1"
"3","68","1","68","帯パターン68","帯1",\N,"0000","2300","1","4000","0000","13","0000","0","0","0","1","A2636","2018-04-11 17:47:55","A2636","2018-04-11 17:47:55","1"
"3","69","1","69","帯パターン1","帯1",\N,"0000","2300","1","4000","0000","13","0000","0","1","0","1","A2636","2018-04-11 17:47:55","A2636","2018-04-11 17:47:55","1"
"3","70","1","70","帯パターン70","帯1",\N,"0000","2300","1","4000","0000","13","0000","0","0","0","1","A2636","2018-04-11 17:47:55","A2636","2018-04-11 17:47:55","1"
"3","71","1","71","帯パターン1","帯1",\N,"0000","2300","1","4000","0000","13","0000","0","1","0","1","A2636","2018-04-11 17:47:55","A2636","2018-04-11 17:47:55","1"
"3","72","1","72","帯パターン72","帯1",\N,"0000","2300","1","4000","0000","13","0000","0","0","0","1","A2636","2018-04-11 17:47:55","A2636","2018-04-11 17:47:55","1"
"3","73","1","73","帯パターン1","帯1",\N,"0000","2300","1","4000","0000","13","0000","0","1","0","1","A2636","2018-04-11 17:47:55","A2636","2018-04-11 17:47:55","1"
"3","74","1","74","帯パターン74","帯1",\N,"0000","2300","1","4000","0000","13","0000","0","0","0","1","A2636","2018-04-11 17:47:55","A2636","2018-04-11 17:47:55","1"
"3","75","1","75","帯パターン1","帯1",\N,"0000","2300","1","4000","0000","13","0000","0","1","0","1","A2636","2018-04-11 17:47:55","A2636","2018-04-11 17:47:55","1"
"3","76","1","76","帯パターン76","帯1",\N,"0000","2300","1","4000","0000","13","0000","0","0","0","1","A2636","2018-04-11 17:47:55","A2636","2018-04-11 17:47:55","1"
"3","77","1","77","帯パターン1","帯1",\N,"0000","2300","1","4000","0000","13","0000","0","1","0","1","A2636","2018-04-11 17:47:55","A2636","2018-04-11 17:47:55","1"
"3","78","1","78","帯パターン78","帯1",\N,"0000","2300","1","4000","0000","13","0000","0","0","0","1","A2636","2018-04-11 17:47:55","A2636","2018-04-11 17:47:55","1"
"3","79","1","79","帯パターン1","帯1",\N,"0000","2300","1","4000","0000","13","0000","0","1","0","1","A2636","2018-04-11 17:47:55","A2636","2018-04-11 17:47:55","1"
"3","80","1","80","帯パターン80","帯1",\N,"0000","2300","1","4000","0000","13","0000","0","0","0","1","A2636","2018-04-11 17:47:55","A2636","2018-04-11 17:47:55","1"
"3","81","1","81","帯パターン1","帯1",\N,"0000","2300","1","4000","0000","13","0000","0","1","0","1","A2636","2018-04-11 17:47:55","A2636","2018-04-11 17:47:55","1"
"3","82","1","82","帯パターン82","帯1",\N,"0000","2300","1","4000","0000","13","0000","0","0","0","1","A2636","2018-04-11 17:47:55","A2636","2018-04-11 17:47:55","1"
"3","83","1","83","帯パターン1","帯1",\N,"0000","2300","1","4000","0000","13","0000","0","1","0","1","A2636","2018-04-11 17:47:55","A2636","2018-04-11 17:47:55","1"
"3","84","1","84","帯パターン84","帯1",\N,"0000","2300","1","4000","0000","13","0000","0","0","0","1","A2636","2018-04-11 17:47:55","A2636","2018-04-11 17:47:55","1"
"3","85","1","85","帯パターン1","帯1",\N,"0000","2300","1","4000","0000","13","0000","0","1","0","1","A2636","2018-04-11 17:47:55","A2636","2018-04-11 17:47:55","1"
"3","86","1","86","帯パターン86","帯1",\N,"0000","2300","1","4000","0000","13","0000","0","0","0","1","A2636","2018-04-11 17:47:55","A2636","2018-04-11 17:47:55","1"
"3","87","1","87","帯パターン1","帯1",\N,"0000","2300","1","4000","0000","13","0000","0","1","0","1","A2636","2018-04-11 17:47:55","A2636","2018-04-11 17:47:55","1"
"3","88","1","88","帯パターン88","帯1",\N,"0000","2300","1","4000","0000","13","0000","0","0","0","1","A2636","2018-04-11 17:47:55","A2636","2018-04-11 17:47:55","1"
"3","89","1","89","帯パターン1","帯1",\N,"0000","2300","1","4000","0000","13","0000","0","1","0","1","A2636","2018-04-11 17:47:55","A2636","2018-04-11 17:47:55","1"
"3","90","1","90","帯パターン90","帯1",\N,"0000","2300","1","4000","0000","13","0000","0","0","0","1","A2636","2018-04-11 17:47:55","A2636","2018-04-11 17:47:55","1"
"3","91","1","91","帯パターン1","帯1",\N,"0000","2300","1","4000","0000","13","0000","0","1","0","1","A2636","2018-04-11 17:47:55","A2636","2018-04-11 17:47:55","1"
"3","92","1","92","帯パターン92","帯1",\N,"0000","2300","1","4000","0000","13","0000","0","0","0","1","A2636","2018-04-11 17:47:55","A2636","2018-04-11 17:47:55","1"
"3","93","1","93","帯パターン1","帯1",\N,"0000","2300","1","4000","0000","13","0000","0","1","0","1","A2636","2018-04-11 17:47:55","A2636","2018-04-11 17:47:55","1"
"3","94","1","94","帯パターン94","帯1",\N,"0000","2300","1","4000","0000","13","0000","0","0","0","1","A2636","2018-04-11 17:47:56","A2636","2018-04-11 17:47:56","1"
"3","95","1","95","帯パターン1","帯1",\N,"0000","2300","1","4000","0000","13","0000","0","1","0","1","A2636","2018-04-11 17:47:56","A2636","2018-04-11 17:47:56","1"
"5","1","1","1","帯パターン1","帯1",\N,"0000","2300","1","6000","0000","6","0000","0","3","0","1","A1589","2017-11-27 16:13:03","A1589","2017-11-27 16:13:03","1"
