"HOLIDAY","CREATE_USER_NO","CREATE_DATE","MODIFY_USER_NO","MODIFY_DATE","DATA_VERSION"
"2018-12-02","A2867","2018-12-10 16:34:56","A2867","2018-12-10 16:34:56","1"
"2018-12-09","A2867","2018-12-10 16:34:56","A2867","2018-12-10 16:34:56","1"
"2018-12-16","A2867","2018-12-10 16:34:56","A2867","2018-12-10 16:34:56","1"
"2018-12-23","A2867","2018-12-10 16:34:56","A2867","2018-12-10 16:34:56","1"
"2018-12-24","A2867","2018-12-10 16:34:56","A2867","2018-12-10 16:34:56","1"
"2018-12-30","A2867","2018-12-10 16:34:56","A2867","2018-12-10 16:34:56","1"
"2019-01-01","A2867","2018-12-10 16:34:56","A2867","2018-12-10 16:34:56","1"
"2019-01-06","A2867","2018-12-10 16:34:56","A2867","2018-12-10 16:34:56","1"
"2019-01-13","A2867","2018-12-10 16:34:56","A2867","2018-12-10 16:34:56","1"
"2019-01-14","A2867","2018-12-10 16:34:56","A2867","2018-12-10 16:34:56","1"
"2019-01-20","A2867","2018-12-10 16:34:57","A2867","2018-12-10 16:34:57","1"
"2019-01-27","A2867","2018-12-10 16:34:57","A2867","2018-12-10 16:34:57","1"
"2019-02-03","A2867","2018-12-10 16:34:57","A2867","2018-12-10 16:34:57","1"
"2019-02-10","A2867","2018-12-10 16:34:57","A2867","2018-12-10 16:34:57","1"
"2019-02-11","A2867","2018-12-10 16:34:57","A2867","2018-12-10 16:34:57","1"
"2019-02-17","A2867","2018-12-10 16:34:57","A2867","2018-12-10 16:34:57","1"
"2019-02-24","A2867","2018-12-10 16:34:57","A2867","2018-12-10 16:34:57","1"
"2019-03-03","A2867","2018-12-10 16:34:57","A2867","2018-12-10 16:34:57","1"
"2019-03-10","A2867","2018-12-10 16:34:57","A2867","2018-12-10 16:34:57","1"
"2019-03-17","A2867","2018-12-10 16:34:57","A2867","2018-12-10 16:34:57","1"
"2019-03-21","A2867","2018-12-10 16:34:57","A2867","2018-12-10 16:34:57","1"
"2019-03-24","A2867","2018-12-10 16:34:57","A2867","2018-12-10 16:34:57","1"
"2019-03-31","A2867","2018-12-10 16:34:57","A2867","2018-12-10 16:34:57","1"
"2019-04-07","A2867","2018-12-10 16:34:57","A2867","2018-12-10 16:34:57","1"
"2019-04-14","A2867","2018-12-10 16:34:57","A2867","2018-12-10 16:34:57","1"
"2019-04-21","A2867","2018-12-10 16:34:57","A2867","2018-12-10 16:34:57","1"
"2019-04-28","A2867","2018-12-10 16:34:57","A2867","2018-12-10 16:34:57","1"
"2019-04-29","A2867","2018-12-10 16:34:57","A2867","2018-12-10 16:34:57","1"
"2019-05-03","A2867","2018-12-10 16:34:57","A2867","2018-12-10 16:34:57","1"
"2019-05-04","A2867","2018-12-10 16:34:57","A2867","2018-12-10 16:34:57","1"
"2019-05-05","A2867","2018-12-10 16:34:57","A2867","2018-12-10 16:34:57","1"
"2019-05-06","A2867","2018-12-10 16:34:57","A2867","2018-12-10 16:34:57","1"
"2019-05-12","A2867","2018-12-10 16:34:57","A2867","2018-12-10 16:34:57","1"
"2019-05-19","A2867","2018-12-10 16:34:57","A2867","2018-12-10 16:34:57","1"
"2019-05-26","A2867","2018-12-10 16:34:57","A2867","2018-12-10 16:34:57","1"
"2019-06-02","A2867","2018-12-10 16:34:57","A2867","2018-12-10 16:34:57","1"
"2019-06-09","A2867","2018-12-10 16:34:57","A2867","2018-12-10 16:34:57","1"
"2019-06-16","A2867","2018-12-10 16:34:57","A2867","2018-12-10 16:34:57","1"
"2019-06-23","A2867","2018-12-10 16:34:57","A2867","2018-12-10 16:34:57","1"
"2019-06-30","A2867","2018-12-10 16:34:57","A2867","2018-12-10 16:34:57","1"
"2019-07-07","A2867","2018-12-10 16:34:57","A2867","2018-12-10 16:34:57","1"
"2019-07-14","A2867","2018-12-10 16:34:57","A2867","2018-12-10 16:34:57","1"
"2019-07-15","A2867","2018-12-10 16:34:57","A2867","2018-12-10 16:34:57","1"
"2019-07-21","A2867","2018-12-10 16:34:58","A2867","2018-12-10 16:34:58","1"
"2019-07-28","A2867","2018-12-10 16:34:58","A2867","2018-12-10 16:34:58","1"
"2019-08-04","A2867","2018-12-10 16:34:58","A2867","2018-12-10 16:34:58","1"
"2019-08-11","A2867","2018-12-10 16:34:58","A2867","2018-12-10 16:34:58","1"
"2019-08-12","A2867","2018-12-10 16:34:58","A2867","2018-12-10 16:34:58","1"
"2019-08-18","A2867","2018-12-10 16:34:58","A2867","2018-12-10 16:34:58","1"
"2019-08-25","A2867","2018-12-10 16:34:58","A2867","2018-12-10 16:34:58","1"
"2019-09-01","A2867","2018-12-10 16:34:58","A2867","2018-12-10 16:34:58","1"
"2019-09-08","A2867","2018-12-10 16:34:58","A2867","2018-12-10 16:34:58","1"
"2019-09-15","A2867","2018-12-10 16:34:58","A2867","2018-12-10 16:34:58","1"
"2019-09-16","A2867","2018-12-10 16:34:58","A2867","2018-12-10 16:34:58","1"
"2019-09-22","A2867","2018-12-10 16:34:58","A2867","2018-12-10 16:34:58","1"
"2019-09-23","A2867","2018-12-10 16:34:58","A2867","2018-12-10 16:34:58","1"
"2019-09-29","A2867","2018-12-10 16:34:58","A2867","2018-12-10 16:34:58","1"
"2019-10-06","A2867","2018-12-10 16:34:58","A2867","2018-12-10 16:34:58","1"
"2019-10-13","A2867","2018-12-10 16:34:58","A2867","2018-12-10 16:34:58","1"
"2019-10-14","A2867","2018-12-10 16:34:58","A2867","2018-12-10 16:34:58","1"
"2019-10-20","A2867","2018-12-10 16:34:58","A2867","2018-12-10 16:34:58","1"
"2019-10-22","A3249","2019-10-30 17:48:08","A3249","2019-10-30 17:48:08","1"
"2019-10-27","A2867","2018-12-10 16:34:58","A2867","2018-12-10 16:34:58","1"
"2019-11-03","A2867","2018-12-10 16:34:58","A2867","2018-12-10 16:34:58","1"
"2019-11-04","A2867","2018-12-10 16:34:58","A2867","2018-12-10 16:34:58","1"
"2019-11-10","A2867","2018-12-10 16:34:58","A2867","2018-12-10 16:34:58","1"
"2019-11-17","A2867","2018-12-10 16:34:58","A2867","2018-12-10 16:34:58","1"
"2019-11-23","A2867","2018-12-10 16:34:58","A2867","2018-12-10 16:34:58","1"
"2019-11-24","A2867","2018-12-10 16:34:58","A2867","2018-12-10 16:34:58","1"
"2019-12-01","A3249","2019-10-30 17:48:08","A3249","2019-10-30 17:48:08","1"
"2019-12-08","A3249","2019-10-30 17:48:08","A3249","2019-10-30 17:48:08","1"
"2019-12-15","A3249","2019-10-30 17:48:08","A3249","2019-10-30 17:48:08","1"
"2019-12-22","A3249","2019-10-30 17:48:08","A3249","2019-10-30 17:48:08","1"
"2019-12-28","A3249","2019-10-30 17:48:08","A3249","2019-10-30 17:48:08","1"
"2019-12-29","A3249","2019-10-30 17:48:08","A3249","2019-10-30 17:48:08","1"
"2019-12-30","A3249","2019-10-30 17:48:08","A3249","2019-10-30 17:48:08","1"
"2019-12-31","A3249","2019-10-30 17:48:08","A3249","2019-10-30 17:48:08","1"
"2020-01-01","A3249","2019-10-30 17:48:08","A3249","2019-10-30 17:48:08","1"
"2020-01-02","A3249","2019-10-30 17:48:08","A3249","2019-10-30 17:48:08","1"
"2020-01-03","A3249","2019-10-30 17:48:08","A3249","2019-10-30 17:48:08","1"
"2020-01-04","A3249","2019-10-30 17:48:08","A3249","2019-10-30 17:48:08","1"
"2020-01-05","A3249","2019-10-30 17:48:08","A3249","2019-10-30 17:48:08","1"
"2020-01-12","A3249","2019-10-30 17:48:08","A3249","2019-10-30 17:48:08","1"
"2020-01-13","A3249","2019-10-30 17:48:08","A3249","2019-10-30 17:48:08","1"
"2020-01-19","A3249","2019-10-30 17:48:08","A3249","2019-10-30 17:48:08","1"
"2020-01-26","A3249","2019-10-30 17:48:08","A3249","2019-10-30 17:48:08","1"
"2020-02-02","A3249","2019-10-30 17:48:08","A3249","2019-10-30 17:48:08","1"
"2020-02-09","A3249","2019-10-30 17:48:08","A3249","2019-10-30 17:48:08","1"
"2020-02-11","A3249","2019-10-30 17:48:08","A3249","2019-10-30 17:48:08","1"
"2020-02-16","A3249","2019-10-30 17:48:08","A3249","2019-10-30 17:48:08","1"
"2020-02-23","A3249","2019-10-30 17:48:08","A3249","2019-10-30 17:48:08","1"
"2020-02-24","A3249","2019-10-30 17:48:08","A3249","2019-10-30 17:48:08","1"
"2020-03-01","A3249","2019-10-30 17:48:08","A3249","2019-10-30 17:48:08","1"
"2020-03-08","A3249","2019-10-30 17:48:08","A3249","2019-10-30 17:48:08","1"
"2020-03-15","A3249","2019-10-30 17:48:08","A3249","2019-10-30 17:48:08","1"
"2020-03-20","A3249","2019-10-30 17:48:08","A3249","2019-10-30 17:48:08","1"
"2020-03-22","A3249","2019-10-30 17:48:08","A3249","2019-10-30 17:48:08","1"
"2020-03-29","A3249","2019-10-30 17:48:08","A3249","2019-10-30 17:48:08","1"
"2020-04-05","A3249","2019-10-30 17:48:08","A3249","2019-10-30 17:48:08","1"
"2020-04-12","A3249","2019-10-30 17:48:08","A3249","2019-10-30 17:48:08","1"
"2020-04-19","A3249","2019-10-30 17:48:08","A3249","2019-10-30 17:48:08","1"
"2020-04-26","A3249","2019-10-30 17:48:08","A3249","2019-10-30 17:48:08","1"
"2020-04-29","A3249","2019-10-30 17:48:08","A3249","2019-10-30 17:48:08","1"
"2020-05-03","A3249","2019-10-30 17:48:08","A3249","2019-10-30 17:48:08","1"
"2020-05-04","A3249","2019-10-30 17:48:08","A3249","2019-10-30 17:48:08","1"
"2020-05-05","A3249","2019-10-30 17:48:08","A3249","2019-10-30 17:48:08","1"
"2020-05-06","A3249","2019-10-30 17:48:08","A3249","2019-10-30 17:48:08","1"
"2020-05-10","A3249","2019-10-30 17:48:08","A3249","2019-10-30 17:48:08","1"
"2020-05-17","A3249","2019-10-30 17:48:08","A3249","2019-10-30 17:48:08","1"
"2020-05-24","A3249","2019-10-30 17:48:08","A3249","2019-10-30 17:48:08","1"
"2020-05-31","A3249","2019-10-30 17:48:08","A3249","2019-10-30 17:48:08","1"
"2020-06-07","A3249","2019-10-30 17:48:08","A3249","2019-10-30 17:48:08","1"
"2020-06-14","A3249","2019-10-30 17:48:08","A3249","2019-10-30 17:48:08","1"
"2020-06-21","A3249","2019-10-30 17:48:08","A3249","2019-10-30 17:48:08","1"
"2020-06-28","A3249","2019-10-30 17:48:08","A3249","2019-10-30 17:48:08","1"
"2020-07-05","A3249","2019-10-30 17:48:08","A3249","2019-10-30 17:48:08","1"
"2020-07-12","A3249","2019-10-30 17:48:08","A3249","2019-10-30 17:48:08","1"
"2020-07-19","A3249","2019-10-30 17:48:08","A3249","2019-10-30 17:48:08","1"
"2020-07-23","A3249","2019-10-30 17:48:08","A3249","2019-10-30 17:48:08","1"
"2020-07-24","A3249","2019-10-30 17:48:08","A3249","2019-10-30 17:48:08","1"
"2020-07-26","A3249","2019-10-30 17:48:08","A3249","2019-10-30 17:48:08","1"
"2020-08-02","A3249","2019-10-30 17:48:08","A3249","2019-10-30 17:48:08","1"
"2020-08-09","A3249","2019-10-30 17:48:08","A3249","2019-10-30 17:48:08","1"
"2020-08-10","A3249","2019-10-30 17:48:08","A3249","2019-10-30 17:48:08","1"
"2020-08-16","A3249","2019-10-30 17:48:08","A3249","2019-10-30 17:48:08","1"
"2020-08-23","A3249","2019-10-30 17:48:08","A3249","2019-10-30 17:48:08","1"
"2020-08-30","A3249","2019-10-30 17:48:08","A3249","2019-10-30 17:48:08","1"
"2020-09-06","A3249","2019-10-30 17:48:08","A3249","2019-10-30 17:48:08","1"
"2020-09-13","A3249","2019-10-30 17:48:08","A3249","2019-10-30 17:48:08","1"
"2020-09-20","A3249","2019-10-30 17:48:08","A3249","2019-10-30 17:48:08","1"
"2020-09-21","A3249","2019-10-30 17:48:08","A3249","2019-10-30 17:48:08","1"
"2020-09-22","A3249","2019-10-30 17:48:08","A3249","2019-10-30 17:48:08","1"
"2020-09-27","A3249","2019-10-30 17:48:08","A3249","2019-10-30 17:48:08","1"
