"no","user_no","dt","hospital_no","course_no"
"17341806","0","2019-11-10 07:58:10","20301","0"
"17341807","0","2019-11-10 07:58:10","21184","0"
"17341808","0","2019-11-10 07:58:10","20727","0"
"17341809","0","2019-11-10 07:59:10","20457","0"
"17341810","0","2019-11-10 07:59:10","20727","0"
"17341811","0","2019-11-10 07:59:10","20747","0"
"17341812","0","2019-11-10 07:59:10","20008","0"
"17341813","0","2019-11-10 07:59:10","20590","0"
"17341814","0","2019-11-10 07:59:10","20816","0"
"17341815","0","2019-11-10 07:59:10","20532","0"
"17341816","0","2019-11-10 07:59:10","20532","0"
"17341817","0","2019-11-10 07:59:10","21269","0"
"17341818","0","2019-11-10 08:00:10","20622","0"
"17341819","0","2019-11-10 08:00:10","20826","0"
"17341820","0","2019-11-10 08:00:10","20978","0"
"17341821","0","2019-11-10 08:00:10","20589","0"
"17341822","0","2019-11-10 08:00:10","20828","0"
"17341823","0","2019-11-10 08:00:10","20816","0"
"17341824","0","2019-11-10 08:00:10","20471","0"
"17341825","0","2019-11-10 08:01:10","20471","0"
"17341826","0","2019-11-10 08:01:10","20632","0"
"17341827","0","2019-11-10 08:01:10","20471","0"
"17341828","0","2019-11-10 08:01:10","20344","0"
"17341829","0","2019-11-10 08:01:10","21269","0"
"17341830","0","2019-11-10 08:01:10","20512","0"
"17341831","0","2019-11-10 08:01:10","20512","0"
"17341832","0","2019-11-10 08:02:10","20039","0"
"17341833","0","2019-11-10 08:02:10","20363","0"
"17341834","0","2019-11-10 08:02:10","20589","0"
"17341835","0","2019-11-10 08:02:10","20633","0"
"17341836","0","2019-11-10 08:02:10","20045","0"
"17341837","0","2019-11-10 08:02:10","20504","0"
"17341838","0","2019-11-10 08:02:10","20344","0"
"17341839","0","2019-11-10 08:02:10","20296","0"
"17341840","0","2019-11-10 08:02:10","20512","0"
"17341841","0","2019-11-10 08:03:10","20504","0"
"17341842","0","2019-11-10 08:03:10","20041","0"
"17341843","0","2019-11-10 08:03:10","20729","0"
"17341844","0","2019-11-10 08:03:10","20392","0"
"17341845","0","2019-11-10 08:03:10","20837","0"
"17341846","0","2019-11-10 08:03:10","20729","0"
"17341847","0","2019-11-10 08:03:10","21114","0"
"17341848","0","2019-11-10 08:03:10","20079","0"
"17341849","0","2019-11-10 08:03:10","20665","0"
"17341850","0","2019-11-10 08:03:10","21538","0"
"17341851","0","2019-11-10 08:04:10","20504","0"
"17341852","0","2019-11-10 08:04:10","20041","0"
"17341853","0","2019-11-10 08:04:10","20382","0"
"17341854","0","2019-11-10 08:04:10","21134","0"
"17341855","0","2019-11-10 08:04:10","20028","0"
"17341856","0","2019-11-10 08:04:10","20680","0"
"17341857","0","2019-11-10 08:04:10","20504","0"
"17341858","0","2019-11-10 08:04:10","20417","0"
"17341859","0","2019-11-10 08:04:10","20482","0"
"17341860","0","2019-11-10 08:04:10","20041","0"
"17341861","0","2019-11-10 08:04:10","20504","0"
"17341862","0","2019-11-10 08:04:10","20504","0"
"17341863","0","2019-11-10 08:04:10","20382","0"
"17341864","0","2019-11-10 08:05:10","20837","0"
"17341865","0","2019-11-10 08:05:10","20642","0"
"17341866","0","2019-11-10 08:05:10","20837","0"
"17341867","0","2019-11-10 08:05:10","20584","0"
"17341868","0","2019-11-10 08:05:10","21123","0"
"17341869","0","2019-11-10 08:06:10","21057","0"
"17341870","0","2019-11-10 08:06:10","20812","0"
"17341871","0","2019-11-10 08:06:10","20039","0"
"17341872","0","2019-11-10 08:06:10","20471","0"
"17341873","0","2019-11-10 08:06:10","20508","0"
"17341874","0","2019-11-10 08:06:10","20833","0"
"17341875","0","2019-11-10 08:06:10","21160","0"
"17341876","0","2019-11-10 08:06:10","21003","0"
"17341877","0","2019-11-10 08:07:10","21089","0"
"17341878","0","2019-11-10 08:07:10","20440","0"
"17341879","0","2019-11-10 08:07:10","21477","0"
"17341880","0","2019-11-10 08:07:10","20537","0"
"17341881","0","2019-11-10 08:07:10","20233","0"
"17341882","0","2019-11-10 08:07:10","21088","0"
"17341883","0","2019-11-10 08:07:10","21448","0"
"17341884","0","2019-11-10 08:07:10","20678","0"
"17341885","0","2019-11-10 08:07:10","21112","0"
"17341886","0","2019-11-10 08:07:10","20087","0"
"17341887","0","2019-11-10 08:07:10","20301","0"
"17341888","0","2019-11-10 08:07:10","21439","0"
"17341889","0","2019-11-10 08:07:10","20418","0"
"17341890","0","2019-11-10 08:07:10","20560","0"
"17341891","0","2019-11-10 08:07:10","20559","0"
"17341892","0","2019-11-10 08:07:10","20180","0"
"17341893","0","2019-11-10 08:08:10","20580","0"
"17341894","0","2019-11-10 08:08:10","20363","0"
"17341895","0","2019-11-10 08:08:10","20490","0"
"17341896","0","2019-11-10 08:08:10","20098","0"
"17341897","0","2019-11-10 08:08:10","20672","0"
"17341898","0","2019-11-10 08:08:10","21222","0"
"17341899","0","2019-11-10 08:08:10","21031","0"
"17341900","0","2019-11-10 08:08:10","21462","0"
"17341901","0","2019-11-10 08:08:10","21538","0"
"17341902","0","2019-11-10 08:08:10","20352","0"
"17341903","0","2019-11-10 08:08:10","20318","0"
"17341904","0","2019-11-10 08:08:10","20869","0"
"17341905","0","2019-11-10 08:08:10","20455","0"
"17341906","0","2019-11-10 08:08:10","20495","0"
"17341907","0","2019-11-10 08:08:10","20079","20324"
"17341908","0","2019-11-10 08:09:10","20495","0"
"17341909","0","2019-11-10 08:09:10","20826","0"
"17341910","0","2019-11-10 08:09:10","21001","0"
"17341911","0","2019-11-10 08:09:10","20517","0"
"17341912","0","2019-11-10 08:09:10","20862","0"
"17341913","0","2019-11-10 08:09:10","21054","0"
"17341914","0","2019-11-10 08:09:10","20350","0"
"17341915","0","2019-11-10 08:09:10","21266","0"
"17341916","0","2019-11-10 08:09:10","20688","0"
"17341917","0","2019-11-10 08:09:10","21469","0"
"17341918","0","2019-11-10 08:09:10","20242","0"
"17341919","0","2019-11-10 08:09:10","20518","0"
"17341920","0","2019-11-10 08:09:10","20667","0"
"17341921","0","2019-11-10 08:10:10","21038","0"
"17341922","0","2019-11-10 08:10:10","20754","0"
"17341923","0","2019-11-10 08:10:10","20754","0"
"17341924","0","2019-11-10 08:10:10","21100","0"
"17341925","0","2019-11-10 08:10:10","21038","0"
"17341926","0","2019-11-10 08:10:10","21516","0"
"17341927","0","2019-11-10 08:10:10","20470","0"
"17341928","0","2019-11-10 08:10:10","20470","0"
"17341929","0","2019-11-10 08:10:10","20758","0"
"17341930","0","2019-11-10 08:10:10","20667","0"
"17341931","0","2019-11-10 08:10:10","20192","0"
"17341932","0","2019-11-10 08:10:10","20169","20758"
"17341933","0","2019-11-10 08:11:10","21122","0"
"17341934","0","2019-11-10 08:11:10","20965","0"
"17341935","0","2019-11-10 08:11:10","20171","0"
"17341936","0","2019-11-10 08:11:10","20886","0"
"17341937","0","2019-11-10 08:11:10","20098","0"
"17341938","0","2019-11-10 08:11:10","21038","0"
"17341939","0","2019-11-10 08:11:10","20979","0"
"17341940","0","2019-11-10 08:11:10","20667","0"
"17341941","0","2019-11-10 08:11:10","20979","0"
"17341942","0","2019-11-10 08:11:10","20628","0"
"17341943","0","2019-11-10 08:11:10","21185","0"
"17341944","0","2019-11-10 08:11:10","20169","20757"
"17341945","0","2019-11-10 08:11:10","21038","0"
"17341946","0","2019-11-10 08:11:10","20621","0"
"17341947","0","2019-11-10 08:12:10","20462","0"
"17341948","0","2019-11-10 08:12:10","20979","0"
"17341949","0","2019-11-10 08:12:10","21038","0"
"17341950","0","2019-11-10 08:12:10","20037","0"
"17341951","0","2019-11-10 08:12:10","20498","0"
"17341952","0","2019-11-10 08:12:10","21122","0"
"17341953","0","2019-11-10 08:12:10","21001","0"
"17341954","0","2019-11-10 08:13:10","20941","0"
"17341955","0","2019-11-10 08:13:10","20037","0"
"17341956","0","2019-11-10 08:13:10","20547","0"
"17341957","0","2019-11-10 08:13:10","20543","0"
"17341958","0","2019-11-10 08:13:10","20813","0"
"17341959","0","2019-11-10 08:13:10","20183","0"
"17341960","0","2019-11-10 08:13:10","20596","0"
"17341961","0","2019-11-10 08:13:10","21216","0"
"17341962","0","2019-11-10 08:13:10","20596","0"
"17341963","0","2019-11-10 08:13:10","20000","0"
"17341964","0","2019-11-10 08:14:10","20754","0"
"17341965","0","2019-11-10 08:14:10","20000","0"
"17341966","0","2019-11-10 08:14:10","20457","0"
"17341967","0","2019-11-10 08:14:10","21129","0"
"17341968","0","2019-11-10 08:14:10","21485","0"
"17341969","0","2019-11-10 08:14:10","20418","0"
"17341970","0","2019-11-10 08:14:10","20467","0"
"17341971","0","2019-11-10 08:15:10","20983","0"
"17341972","0","2019-11-10 08:15:10","20304","0"
"17341973","0","2019-11-10 08:15:10","20596","0"
"17341974","0","2019-11-10 08:15:10","20983","0"
"17341975","0","2019-11-10 08:15:10","20679","0"
"17341976","0","2019-11-10 08:15:10","21038","0"
"17341977","0","2019-11-10 08:15:10","20557","0"
"17341978","0","2019-11-10 08:15:10","20841","0"
"17341979","0","2019-11-10 08:15:10","20983","0"
"17341980","0","2019-11-10 08:15:10","20168","0"
"17341981","0","2019-11-10 08:15:10","20000","0"
"17341982","0","2019-11-10 08:16:10","20687","0"
"17341983","0","2019-11-10 08:16:10","20669","0"
"17341984","0","2019-11-10 08:16:10","20324","0"
"17341985","0","2019-11-10 08:16:10","20324","0"
"17341986","0","2019-11-10 08:16:10","20834","0"
"17341987","0","2019-11-10 08:16:10","20324","0"
"17341988","0","2019-11-10 08:16:10","21141","0"
"17341989","0","2019-11-10 08:16:10","20283","0"
"17341990","0","2019-11-10 08:17:10","20382","0"
"17341991","0","2019-11-10 08:17:10","20971","0"
"17341992","0","2019-11-10 08:17:10","20383","0"
"17341993","0","2019-11-10 08:17:10","20383","0"
"17341994","0","2019-11-10 08:17:10","20293","21212"
"17341995","0","2019-11-10 08:17:10","20554","0"
"17341996","0","2019-11-10 08:17:10","20628","0"
"17341997","0","2019-11-10 08:17:10","20369","0"
"17341998","0","2019-11-10 08:18:10","20937","0"
"17341999","0","2019-11-10 08:18:10","20554","0"
"17342000","0","2019-11-10 08:18:10","20811","0"
"17342001","0","2019-11-10 08:18:10","20234","0"
"17342002","0","2019-11-10 08:18:10","20687","0"
"17342003","0","2019-11-10 08:18:10","20983","0"
"17342004","0","2019-11-10 08:18:10","20444","0"
"17342005","0","2019-11-10 08:18:10","21317","0"
"17342006","0","2019-11-10 08:18:10","20322","0"
"17342007","0","2019-11-10 08:18:10","20382","0"
"17342008","0","2019-11-10 08:18:10","20815","0"
"17342009","0","2019-11-10 08:18:10","20554","0"
"17342010","0","2019-11-10 08:18:10","20690","0"
"17342011","0","2019-11-10 08:18:10","20994","0"
"17342012","0","2019-11-10 08:18:10","21003","0"
"17342013","0","2019-11-10 08:18:10","21066","0"
"17342014","0","2019-11-10 08:18:10","20087","0"
"17342015","0","2019-11-10 08:18:10","20342","0"
"17342016","0","2019-11-10 08:19:10","21141","0"
"17342017","0","2019-11-10 08:19:10","20687","0"
"17342018","0","2019-11-10 08:19:10","20191","0"
"17342019","0","2019-11-10 08:19:10","20552","0"
"17342020","0","2019-11-10 08:19:10","20504","0"
"17342021","0","2019-11-10 08:19:10","20994","0"
"17342022","0","2019-11-10 08:19:10","20470","0"
"17342023","0","2019-11-10 08:19:10","20024","0"
"17342024","0","2019-11-10 08:19:10","20560","0"
"17342025","0","2019-11-10 08:19:10","20382","0"
"17342026","0","2019-11-10 08:19:10","20560","0"
"17342027","0","2019-11-10 08:19:10","20941","0"
"17342028","0","2019-11-10 08:19:10","20191","0"
"17342029","0","2019-11-10 08:19:10","20633","0"
"17342030","0","2019-11-10 08:19:10","20500","0"
"17342031","0","2019-11-10 08:19:10","20191","0"
"17342032","0","2019-11-10 08:19:10","20191","0"
"17342033","0","2019-11-10 08:19:10","20897","0"
"17342034","0","2019-11-10 08:20:10","20554","0"
"17342035","0","2019-11-10 08:20:10","20042","0"
"17342036","0","2019-11-10 08:20:10","20462","0"
"17342037","0","2019-11-10 08:20:10","20383","0"
"17342038","0","2019-11-10 08:20:10","21038","0"
"17342039","0","2019-11-10 08:20:10","21003","0"
"17342040","0","2019-11-10 08:20:10","20592","0"
"17342041","0","2019-11-10 08:20:10","20589","0"
"17342042","0","2019-11-10 08:20:10","20213","0"
"17342043","0","2019-11-10 08:20:10","20191","0"
"17342044","0","2019-11-10 08:20:10","20470","0"
"17342045","0","2019-11-10 08:20:10","20123","0"
"17342046","0","2019-11-10 08:20:10","20369","0"
"17342047","0","2019-11-10 08:21:10","20735","0"
"17342048","0","2019-11-10 08:21:10","20382","0"
"17342049","0","2019-11-10 08:21:10","20102","20887"
"17342050","0","2019-11-10 08:21:10","20212","0"
"17342051","0","2019-11-10 08:21:10","20146","0"
"17342052","0","2019-11-10 08:21:10","20361","0"
"17342053","0","2019-11-10 08:21:10","20361","0"
"17342054","0","2019-11-10 08:22:10","20538","0"
"17342055","21177182","2019-11-10 08:22:10","20382","0"
"17342056","0","2019-11-10 08:22:10","20561","0"
"17342057","0","2019-11-10 08:23:10","20593","0"
"17342058","0","2019-11-10 08:23:10","20445","0"
"17342059","0","2019-11-10 08:23:10","20283","0"
"17342060","0","2019-11-10 08:23:10","21140","0"
"17342061","0","2019-11-10 08:23:10","20570","0"
"17342062","0","2019-11-10 08:23:10","20146","0"
"17342063","0","2019-11-10 08:23:10","20672","0"
"17342064","0","2019-11-10 08:23:10","21270","0"
"17342065","0","2019-11-10 08:24:10","21309","0"
"17342066","0","2019-11-10 08:24:10","20045","0"
"17342067","0","2019-11-10 08:24:10","21208","0"
"17342068","0","2019-11-10 08:24:10","20380","21494"
"17342069","0","2019-11-10 08:24:10","20064","0"
"17342070","21177182","2019-11-10 08:24:10","20761","0"
"17342071","0","2019-11-10 08:24:10","21502","0"
"17342072","0","2019-11-10 08:24:10","20342","21317"
"17342073","0","2019-11-10 08:24:10","20645","0"
"17342074","0","2019-11-10 08:24:10","20253","0"
"17342075","21177182","2019-11-10 08:24:10","20761","0"
"17342076","0","2019-11-10 08:24:10","20536","0"
"17342077","0","2019-11-10 08:24:10","20191","0"
"17342078","0","2019-11-10 08:24:10","21208","0"
"17342079","0","2019-11-10 08:24:10","21477","0"
"17342080","0","2019-11-10 08:24:10","20089","0"
"17342081","0","2019-11-10 08:24:10","20223","0"
"17342082","0","2019-11-10 08:25:10","20607","0"
"17342083","0","2019-11-10 08:25:10","20550","0"
"17342084","0","2019-11-10 08:25:10","20641","0"
"17342085","0","2019-11-10 08:25:10","21501","0"
"17342086","0","2019-11-10 08:25:10","20611","0"
"17342087","0","2019-11-10 08:25:10","20913","0"
"17342088","0","2019-11-10 08:25:10","20382","0"
"17342089","0","2019-11-10 08:25:10","20317","0"
"17342090","0","2019-11-10 08:25:10","20822","0"
"17342091","0","2019-11-10 08:25:10","20822","0"
"17342092","0","2019-11-10 08:25:10","20641","0"
"17342093","0","2019-11-10 08:26:10","20580","0"
"17342094","0","2019-11-10 08:26:10","21266","0"
"17342095","0","2019-11-10 08:26:10","20850","0"
"17342096","0","2019-11-10 08:26:10","20042","0"
"17342097","0","2019-11-10 08:26:10","20039","0"
"17342098","0","2019-11-10 08:26:10","20814","0"
"17342099","0","2019-11-10 08:26:10","21181","0"
"17342100","0","2019-11-10 08:26:10","21181","0"
"17342101","0","2019-11-10 08:26:10","20055","0"
"17342102","0","2019-11-10 08:26:10","20501","0"
"17342103","0","2019-11-10 08:26:10","20493","0"
"17342104","0","2019-11-10 08:26:10","20580","0"
"17342105","0","2019-11-10 08:26:10","21181","0"
"17342106","0","2019-11-10 08:26:10","21181","0"
"17342107","0","2019-11-10 08:26:10","20493","0"
"17342108","0","2019-11-10 08:26:10","20472","0"
"17342109","0","2019-11-10 08:27:10","20659","0"
"17342110","0","2019-11-10 08:27:10","21181","0"
"17342111","0","2019-11-10 08:27:10","20271","21142"
"17342112","0","2019-11-10 08:27:10","20727","0"
"17342113","0","2019-11-10 08:27:10","20501","0"
"17342114","0","2019-11-10 08:27:10","21181","0"
"17342115","0","2019-11-10 08:27:10","20854","0"
"17342116","0","2019-11-10 08:28:10","20435","0"
"17342117","0","2019-11-10 08:28:10","20656","0"
"17342118","0","2019-11-10 08:28:10","20552","0"
"17342119","21177182","2019-11-10 08:28:10","20869","0"
"17342120","0","2019-11-10 08:28:10","21103","0"
"17342121","0","2019-11-10 08:28:10","21181","0"
"17342122","0","2019-11-10 08:28:10","20222","0"
"17342123","0","2019-11-10 08:28:10","20125","0"
"17342124","0","2019-11-10 08:28:10","20822","0"
"17342125","0","2019-11-10 08:28:10","20000","0"
"17342126","0","2019-11-10 08:28:10","20656","0"
"17342127","0","2019-11-10 08:28:10","20207","0"
"17342128","0","2019-11-10 08:28:10","20069","0"
"17342129","0","2019-11-10 08:29:10","20207","0"
"17342130","0","2019-11-10 08:29:10","20000","0"
"17342131","0","2019-11-10 08:29:10","20515","0"
"17342132","0","2019-11-10 08:29:10","20000","0"
"17342133","0","2019-11-10 08:29:10","20849","0"
"17342134","0","2019-11-10 08:29:10","20573","0"
"17342135","0","2019-11-10 08:29:10","20207","0"
"17342136","0","2019-11-10 08:29:10","20813","0"
"17342137","0","2019-11-10 08:29:10","20885","0"
"17342138","0","2019-11-10 08:29:10","20271","21697"
"17342139","0","2019-11-10 08:29:10","20783","0"
"17342140","21177182","2019-11-10 08:29:10","20869","0"
"17342141","0","2019-11-10 08:29:10","20498","0"
"17342142","0","2019-11-10 08:29:10","20379","0"
"17342143","0","2019-11-10 08:30:10","20534","0"
"17342144","0","2019-11-10 08:30:10","20575","0"
"17342145","0","2019-11-10 08:30:10","20783","0"
"17342146","0","2019-11-10 08:30:10","20783","0"
"17342147","0","2019-11-10 08:30:10","21003","0"
"17342148","0","2019-11-10 08:30:10","20559","0"
"17342149","0","2019-11-10 08:30:10","21003","0"
"17342150","0","2019-11-10 08:30:10","20783","0"
"17342151","0","2019-11-10 08:30:10","20668","0"
"17342152","0","2019-11-10 08:30:10","20783","0"
"17342153","0","2019-11-10 08:30:10","20991","0"
"17342154","0","2019-11-10 08:30:10","20209","0"
"17342155","0","2019-11-10 08:31:10","20501","0"
"17342156","0","2019-11-10 08:31:10","20264","0"
"17342157","0","2019-11-10 08:31:10","20207","0"
"17342158","0","2019-11-10 08:31:10","20207","0"
"17342159","0","2019-11-10 08:31:10","20207","0"
"17342160","0","2019-11-10 08:31:10","20072","0"
"17342161","0","2019-11-10 08:31:10","21003","0"
"17342162","0","2019-11-10 08:31:10","20382","0"
"17342163","0","2019-11-10 08:31:10","20445","0"
"17342164","0","2019-11-10 08:31:10","20120","0"
"17342165","0","2019-11-10 08:31:10","21003","0"
"17342166","0","2019-11-10 08:31:10","20120","0"
"17342167","0","2019-11-10 08:31:10","21163","0"
"17342168","0","2019-11-10 08:31:10","21016","0"
"17342169","0","2019-11-10 08:31:10","20772","0"
"17342170","0","2019-11-10 08:31:10","20524","0"
"17342171","0","2019-11-10 08:31:10","20888","0"
"17342172","0","2019-11-10 08:32:10","20506","0"
"17342173","0","2019-11-10 08:32:10","20966","0"
"17342174","0","2019-11-10 08:32:10","20468","0"
"17342175","0","2019-11-10 08:32:10","20966","0"
"17342176","0","2019-11-10 08:32:10","21524","0"
"17342177","0","2019-11-10 08:32:10","20495","0"
"17342178","0","2019-11-10 08:32:10","21272","0"
"17342179","0","2019-11-10 08:32:10","20029","0"
"17342180","0","2019-11-10 08:32:10","21093","0"
"17342181","0","2019-11-10 08:32:10","20869","0"
"17342182","0","2019-11-10 08:32:10","20531","0"
"17342183","0","2019-11-10 08:32:10","20575","0"
"17342184","0","2019-11-10 08:32:10","20010","0"
"17342185","0","2019-11-10 08:33:10","20268","0"
"17342186","0","2019-11-10 08:33:10","20002","0"
"17342187","0","2019-11-10 08:33:10","20464","0"
"17342188","0","2019-11-10 08:33:10","20002","0"
"17342189","0","2019-11-10 08:33:10","20417","0"
"17342190","0","2019-11-10 08:33:10","21382","0"
"17342191","0","2019-11-10 08:33:10","20783","0"
"17342192","0","2019-11-10 08:33:10","20633","0"
"17342193","0","2019-11-10 08:33:10","20465","0"
"17342194","0","2019-11-10 08:33:10","21252","0"
"17342195","0","2019-11-10 08:33:10","21141","0"
"17342196","0","2019-11-10 08:33:10","20472","0"
"17342197","0","2019-11-10 08:33:10","20159","0"
"17342198","0","2019-11-10 08:33:10","20626","0"
"17342199","0","2019-11-10 08:33:10","20598","0"
"17342200","0","2019-11-10 08:33:10","21207","0"
"17342201","0","2019-11-10 08:33:10","20611","0"
"17342202","0","2019-11-10 08:33:10","20222","0"
"17342203","0","2019-11-10 08:33:10","20039","0"
"17342204","0","2019-11-10 08:34:10","20633","0"
"17342205","0","2019-11-10 08:34:10","20595","0"
"17342206","0","2019-11-10 08:34:10","20382","0"
"17342207","0","2019-11-10 08:34:10","20680","0"
"17342208","0","2019-11-10 08:34:10","20098","0"
"17342209","0","2019-11-10 08:34:10","20595","0"
"17342210","0","2019-11-10 08:34:10","20472","0"
"17342211","0","2019-11-10 08:34:10","21097","0"
"17342212","0","2019-11-10 08:34:10","20775","0"
"17342213","0","2019-11-10 08:34:10","21380","0"
"17342214","0","2019-11-10 08:34:10","20472","0"
"17342215","0","2019-11-10 08:34:10","20137","0"
"17342216","0","2019-11-10 08:34:10","20472","0"
"17342217","0","2019-11-10 08:34:10","20497","0"
"17342218","0","2019-11-10 08:34:10","20866","0"
"17342219","0","2019-11-10 08:35:10","21235","0"
"17342220","0","2019-11-10 08:35:10","20382","0"
"17342221","0","2019-11-10 08:35:10","20448","0"
"17342222","0","2019-11-10 08:35:10","20625","0"
"17342223","0","2019-11-10 08:35:10","20864","0"
"17342224","0","2019-11-10 08:35:10","21136","0"
"17342225","0","2019-11-10 08:35:10","20041","0"
"17342226","0","2019-11-10 08:35:10","20207","0"
"17342227","0","2019-11-10 08:35:10","20472","0"
"17342228","0","2019-11-10 08:35:10","20207","0"
"17342229","0","2019-11-10 08:35:10","20207","0"
"17342230","0","2019-11-10 08:35:10","20638","0"
"17342231","0","2019-11-10 08:35:10","20953","0"
"17342232","0","2019-11-10 08:35:10","21195","0"
"17342233","0","2019-11-10 08:36:10","20283","0"
"17342234","0","2019-11-10 08:36:10","20472","0"
"17342235","0","2019-11-10 08:36:10","21254","0"
"17342236","0","2019-11-10 08:36:10","20965","0"
"17342237","0","2019-11-10 08:36:10","20453","0"
"17342238","0","2019-11-10 08:36:10","21251","0"
"17342239","0","2019-11-10 08:36:10","21111","0"
"17342240","0","2019-11-10 08:36:10","20472","0"
"17342241","0","2019-11-10 08:36:10","21192","0"
"17342242","0","2019-11-10 08:36:10","20123","0"
"17342243","0","2019-11-10 08:37:10","20783","0"
"17342244","0","2019-11-10 08:37:10","20000","0"
"17342245","0","2019-11-10 08:37:10","20864","0"
"17342246","0","2019-11-10 08:37:10","20678","0"
"17342247","0","2019-11-10 08:37:10","21195","0"
"17342248","0","2019-11-10 08:37:10","20086","0"
"17342249","0","2019-11-10 08:37:10","20191","20836"
"17342250","0","2019-11-10 08:37:10","20575","0"
"17342251","0","2019-11-10 08:37:10","20689","0"
"17342252","0","2019-11-10 08:37:10","20453","0"
"17342253","0","2019-11-10 08:37:10","20757","0"
"17342254","0","2019-11-10 08:37:10","20559","0"
"17342255","0","2019-11-10 08:37:10","20124","0"
"17342256","0","2019-11-10 08:38:10","20501","0"
"17342257","0","2019-11-10 08:38:10","20453","0"
"17342258","0","2019-11-10 08:38:10","20470","0"
"17342259","0","2019-11-10 08:38:10","20089","0"
"17342260","0","2019-11-10 08:38:10","20848","0"
"17342261","0","2019-11-10 08:38:10","20301","0"
"17342262","0","2019-11-10 08:38:10","21278","0"
"17342263","0","2019-11-10 08:38:10","20472","0"
"17342264","0","2019-11-10 08:38:10","20087","0"
"17342265","0","2019-11-10 08:38:10","21279","0"
"17342266","0","2019-11-10 08:38:10","21255","0"
"17342267","0","2019-11-10 08:38:10","20757","0"
"17342268","0","2019-11-10 08:39:10","20994","0"
"17342269","0","2019-11-10 08:39:10","20350","0"
"17342270","0","2019-11-10 08:39:10","20207","0"
"17342271","0","2019-11-10 08:39:10","20116","0"
"17342272","0","2019-11-10 08:39:10","20879","0"
"17342273","0","2019-11-10 08:39:10","20449","0"
"17342274","0","2019-11-10 08:39:10","20759","0"
"17342275","0","2019-11-10 08:39:10","20783","0"
"17342276","0","2019-11-10 08:39:10","20391","0"
"17342277","0","2019-11-10 08:39:10","20216","0"
"17342278","0","2019-11-10 08:39:10","20498","0"
"17342279","0","2019-11-10 08:39:10","21319","0"
"17342280","0","2019-11-10 08:39:10","20444","0"
"17342281","0","2019-11-10 08:39:10","20418","0"
"17342282","0","2019-11-10 08:39:10","20640","0"
"17342283","0","2019-11-10 08:39:10","20326","0"
"17342284","0","2019-11-10 08:40:10","21058","0"
"17342285","0","2019-11-10 08:40:10","21134","0"
"17342286","0","2019-11-10 08:40:10","20493","0"
"17342287","0","2019-11-10 08:40:10","20774","0"
"17342288","0","2019-11-10 08:40:10","20228","0"
"17342289","0","2019-11-10 08:40:10","21058","0"
"17342290","0","2019-11-10 08:40:10","20216","0"
"17342291","0","2019-11-10 08:40:10","20777","0"
"17342292","0","2019-11-10 08:40:10","21172","0"
"17342293","0","2019-11-10 08:40:10","21469","0"
"17342294","0","2019-11-10 08:40:10","20493","0"
"17342295","0","2019-11-10 08:40:10","20551","0"
"17342296","0","2019-11-10 08:40:10","20777","0"
"17342297","0","2019-11-10 08:40:10","20493","0"
"17342298","0","2019-11-10 08:40:10","21385","0"
"17342299","0","2019-11-10 08:40:10","21090","0"
"17342300","0","2019-11-10 08:40:10","20191","0"
"17342301","0","2019-11-10 08:40:10","20777","0"
"17342302","0","2019-11-10 08:40:10","20493","0"
"17342303","0","2019-11-10 08:40:10","20216","0"
"17342304","0","2019-11-10 08:40:10","20543","0"
"17342305","0","2019-11-10 08:41:10","20673","0"
"17342306","0","2019-11-10 08:41:10","20679","0"
"17342307","0","2019-11-10 08:41:10","21428","0"
"17342308","0","2019-11-10 08:41:10","20207","0"
"17342309","0","2019-11-10 08:41:10","20543","0"
"17342310","0","2019-11-10 08:41:10","20918","0"
"17342311","0","2019-11-10 08:41:10","20590","0"
"17342312","0","2019-11-10 08:41:10","21394","0"
"17342313","0","2019-11-10 08:41:10","20228","0"
"17342314","0","2019-11-10 08:41:10","20493","0"
"17342315","0","2019-11-10 08:42:10","20421","0"
"17342316","0","2019-11-10 08:42:10","20493","0"
"17342317","0","2019-11-10 08:42:10","20493","0"
"17342318","0","2019-11-10 08:42:10","20493","0"
"17342319","0","2019-11-10 08:42:10","20556","0"
"17342320","0","2019-11-10 08:42:10","20207","0"
"17342321","0","2019-11-10 08:42:10","20958","0"
"17342322","0","2019-11-10 08:42:10","20310","0"
"17342323","0","2019-11-10 08:42:10","20207","0"
"17342324","0","2019-11-10 08:42:10","20536","0"
"17342325","0","2019-11-10 08:42:10","20492","0"
"17342326","0","2019-11-10 08:43:10","20462","0"
"17342327","0","2019-11-10 08:43:10","21537","0"
"17342328","0","2019-11-10 08:43:10","20890","0"
"17342329","0","2019-11-10 08:43:10","21003","0"
"17342330","0","2019-11-10 08:43:10","21287","0"
"17342331","0","2019-11-10 08:43:10","20329","0"
"17342332","0","2019-11-10 08:43:10","20554","0"
"17342333","0","2019-11-10 08:43:10","20626","0"
"17342334","0","2019-11-10 08:43:10","20347","0"
"17342335","0","2019-11-10 08:43:10","20642","0"
"17342336","0","2019-11-10 08:43:10","20203","0"
"17342337","0","2019-11-10 08:43:10","20151","0"
"17342338","0","2019-11-10 08:43:10","20349","0"
"17342339","0","2019-11-10 08:43:10","20148","0"
"17342340","0","2019-11-10 08:43:10","20995","0"
"17342341","0","2019-11-10 08:44:10","20480","0"
"17342342","0","2019-11-10 08:44:10","20642","0"
"17342343","0","2019-11-10 08:44:10","20240","0"
"17342344","0","2019-11-10 08:44:10","20203","0"
"17342345","0","2019-11-10 08:44:10","20153","20605"
"17342346","0","2019-11-10 08:44:10","21112","0"
"17342347","0","2019-11-10 08:44:10","21318","0"
"17342348","0","2019-11-10 08:44:10","21214","0"
"17342349","0","2019-11-10 08:44:10","20524","0"
"17342350","0","2019-11-10 08:44:10","20528","0"
"17342351","0","2019-11-10 08:44:10","20586","0"
"17342352","0","2019-11-10 08:45:10","20553","0"
"17342353","0","2019-11-10 08:45:10","21134","0"
"17342354","0","2019-11-10 08:45:10","20642","0"
"17342355","0","2019-11-10 08:45:10","20123","0"
"17342356","0","2019-11-10 08:45:10","20185","0"
"17342357","0","2019-11-10 08:45:10","20516","0"
"17342358","0","2019-11-10 08:45:10","20814","0"
"17342359","0","2019-11-10 08:45:10","21081","0"
"17342360","0","2019-11-10 08:45:10","20244","0"
"17342361","0","2019-11-10 08:46:10","20683","0"
"17342362","0","2019-11-10 08:46:10","20347","0"
"17342363","0","2019-11-10 08:46:10","20666","0"
"17342364","0","2019-11-10 08:46:10","20642","0"
"17342365","0","2019-11-10 08:46:10","21192","0"
"17342366","0","2019-11-10 08:46:10","20462","0"
"17342367","0","2019-11-10 08:46:10","20832","0"
"17342368","0","2019-11-10 08:46:10","21502","0"
"17342369","0","2019-11-10 08:46:10","20003","0"
"17342370","0","2019-11-10 08:46:10","20447","0"
"17342371","0","2019-11-10 08:47:10","20603","0"
"17342372","0","2019-11-10 08:47:10","20825","0"
"17342373","0","2019-11-10 08:47:10","20783","0"
"17342374","0","2019-11-10 08:47:10","20310","0"
"17342375","0","2019-11-10 08:47:10","20783","0"
"17342376","0","2019-11-10 08:47:10","20812","0"
"17342377","0","2019-11-10 08:47:10","21266","0"
"17342378","0","2019-11-10 08:47:10","20212","0"
"17342379","0","2019-11-10 08:47:10","20942","0"
"17342380","0","2019-11-10 08:47:10","21325","0"
"17342381","0","2019-11-10 08:47:10","20382","0"
"17342382","0","2019-11-10 08:48:10","20633","0"
"17342383","0","2019-11-10 08:48:10","20665","0"
"17342384","0","2019-11-10 08:48:10","20783","0"
"17342385","0","2019-11-10 08:48:10","21088","0"
"17342386","0","2019-11-10 08:48:10","21215","0"
"17342387","0","2019-11-10 08:48:10","20276","0"
"17342388","0","2019-11-10 08:48:10","20977","0"
"17342389","0","2019-11-10 08:48:10","21319","0"
"17342390","0","2019-11-10 08:48:10","20423","0"
"17342391","0","2019-11-10 08:49:10","20382","0"
"17342392","0","2019-11-10 08:49:10","20667","0"
"17342393","0","2019-11-10 08:49:10","20424","0"
"17342394","0","2019-11-10 08:49:10","20586","0"
"17342395","0","2019-11-10 08:49:10","20209","0"
"17342396","0","2019-11-10 08:49:10","20892","0"
"17342397","0","2019-11-10 08:49:10","20242","0"
"17342398","0","2019-11-10 08:49:10","20281","0"
"17342399","0","2019-11-10 08:49:10","20829","0"
"17342400","0","2019-11-10 08:49:10","20086","0"
"17342401","0","2019-11-10 08:49:10","21537","0"
"17342402","0","2019-11-10 08:50:10","20382","0"
"17342403","0","2019-11-10 08:50:10","20674","0"
"17342404","0","2019-11-10 08:50:10","21058","0"
"17342405","0","2019-11-10 08:50:10","20511","0"
"17342406","0","2019-11-10 08:50:10","20223","0"
"17342407","0","2019-11-10 08:50:10","21156","0"
"17342408","0","2019-11-10 08:50:10","20511","0"
"17342409","0","2019-11-10 08:50:10","20990","0"
"17342410","0","2019-11-10 08:50:10","20470","0"
"17342411","0","2019-11-10 08:50:10","20086","0"
"17342412","0","2019-11-10 08:50:10","20618","0"
"17342413","0","2019-11-10 08:51:10","20020","0"
"17342414","0","2019-11-10 08:51:10","20020","0"
"17342415","0","2019-11-10 08:51:10","20633","0"
"17342416","0","2019-11-10 08:51:10","20462","0"
"17342417","0","2019-11-10 08:51:10","21109","0"
"17342418","0","2019-11-10 08:51:10","21058","0"
"17342419","0","2019-11-10 08:51:10","20623","0"
"17342420","0","2019-11-10 08:51:10","20872","0"
"17342421","0","2019-11-10 08:51:10","21516","0"
"17342422","0","2019-11-10 08:51:10","20497","0"
"17342423","0","2019-11-10 08:51:10","21345","0"
"17342424","0","2019-11-10 08:51:10","21538","0"
"17342425","0","2019-11-10 08:52:10","20500","0"
"17342426","0","2019-11-10 08:52:10","21423","0"
"17342427","0","2019-11-10 08:52:10","20087","0"
"17342428","0","2019-11-10 08:52:10","20445","0"
"17342429","0","2019-11-10 08:52:10","20472","0"
"17342430","0","2019-11-10 08:52:10","20515","0"
"17342431","0","2019-11-10 08:52:10","21295","0"
"17342432","0","2019-11-10 08:52:10","20497","0"
"17342433","0","2019-11-10 08:52:10","20497","0"
"17342434","0","2019-11-10 08:52:10","21412","0"
"17342435","0","2019-11-10 08:52:10","20612","0"
"17342436","0","2019-11-10 08:53:10","20420","0"
"17342437","0","2019-11-10 08:53:10","20491","0"
"17342438","0","2019-11-10 08:53:10","21478","0"
"17342439","0","2019-11-10 08:53:10","20107","0"
"17342440","0","2019-11-10 08:53:10","20942","0"
"17342441","0","2019-11-10 08:53:10","20368","21387"
"17342442","0","2019-11-10 08:53:10","21093","0"
"17342443","0","2019-11-10 08:53:10","20959","0"
"17342444","0","2019-11-10 08:53:10","20666","0"
"17342445","0","2019-11-10 08:53:10","21516","0"
"17342446","0","2019-11-10 08:53:10","20316","21239"
"17342447","0","2019-11-10 08:53:10","20253","0"
"17342448","0","2019-11-10 08:54:10","20962","0"
"17342449","0","2019-11-10 08:54:10","20700","0"
"17342450","0","2019-11-10 08:54:10","20959","0"
"17342451","0","2019-11-10 08:54:10","21346","0"
"17342452","0","2019-11-10 08:54:10","20472","0"
"17342453","0","2019-11-10 08:54:10","20615","0"
"17342454","0","2019-11-10 08:54:10","20772","0"
"17342455","0","2019-11-10 08:54:10","20316","0"
"17342456","0","2019-11-10 08:54:10","20959","0"
"17342457","0","2019-11-10 08:54:10","20684","0"
"17342458","0","2019-11-10 08:54:10","20980","0"
"17342459","0","2019-11-10 08:54:10","20491","0"
"17342460","0","2019-11-10 08:54:10","21019","0"
"17342461","0","2019-11-10 08:54:10","20524","0"
"17342462","0","2019-11-10 08:54:10","20699","0"
"17342463","0","2019-11-10 08:54:10","20524","0"
"17342464","0","2019-11-10 08:54:10","21305","0"
"17342465","0","2019-11-10 08:55:10","20665","0"
"17342466","0","2019-11-10 08:55:10","20753","0"
"17342467","0","2019-11-10 08:55:10","21516","0"
"17342468","0","2019-11-10 08:55:10","20831","0"
"17342469","0","2019-11-10 08:55:10","21462","0"
"17342470","0","2019-11-10 08:55:10","20635","0"
"17342471","0","2019-11-10 08:55:10","20451","0"
"17342472","0","2019-11-10 08:55:10","20570","0"
"17342473","0","2019-11-10 08:56:10","20818","0"
"17342474","0","2019-11-10 08:56:10","21462","0"
"17342475","0","2019-11-10 08:56:10","20544","0"
"17342476","0","2019-11-10 08:56:10","21003","0"
"17342477","0","2019-11-10 08:56:10","20171","0"
"17342478","0","2019-11-10 08:56:10","20524","0"
"17342479","0","2019-11-10 08:56:10","21055","0"
"17342480","0","2019-11-10 08:56:10","20438","0"
"17342481","0","2019-11-10 08:56:10","20246","0"
"17342482","0","2019-11-10 08:56:10","20914","0"
"17342483","0","2019-11-10 08:56:10","21462","0"
"17342484","0","2019-11-10 08:56:10","21502","0"
"17342485","0","2019-11-10 08:57:10","20122","20481"
"17342486","0","2019-11-10 08:57:10","20042","0"
"17342487","0","2019-11-10 08:57:10","20508","0"
"17342488","0","2019-11-10 08:57:10","21502","0"
"17342489","0","2019-11-10 08:57:10","20640","0"
"17342490","0","2019-11-10 08:57:10","20423","0"
"17342491","0","2019-11-10 08:57:10","20002","0"
"17342492","0","2019-11-10 08:57:10","20171","0"
"17342493","0","2019-11-10 08:57:10","20366","21796"
"17342494","0","2019-11-10 08:57:10","20171","0"
"17342495","0","2019-11-10 08:57:10","20903","0"
"17342496","0","2019-11-10 08:57:10","20628","0"
"17342497","0","2019-11-10 08:58:10","20657","0"
"17342498","0","2019-11-10 08:58:10","21242","0"
"17342499","0","2019-11-10 08:58:10","20281","0"
"17342500","0","2019-11-10 08:58:10","21300","0"
"17342501","0","2019-11-10 08:58:10","20570","0"
"17342502","0","2019-11-10 08:58:10","20382","0"
"17342503","0","2019-11-10 08:58:10","21121","0"
"17342504","0","2019-11-10 08:58:10","20177","0"
"17342505","0","2019-11-10 08:58:10","20326","0"
"17342506","0","2019-11-10 08:58:10","20042","0"
"17342507","0","2019-11-10 08:59:10","20593","0"
"17342508","0","2019-11-10 08:59:10","20628","0"
"17342509","0","2019-11-10 08:59:10","20522","0"
"17342510","0","2019-11-10 08:59:10","21166","0"
"17342511","0","2019-11-10 08:59:10","20844","0"
"17342512","0","2019-11-10 08:59:10","20029","0"
"17342513","0","2019-11-10 08:59:10","20020","0"
"17342514","32112152","2019-11-10 09:00:10","20633","0"
"17342515","0","2019-11-10 09:00:10","21369","0"
"17342516","32112152","2019-11-10 09:00:10","20633","0"
"17342517","0","2019-11-10 09:00:10","20137","0"
"17342518","0","2019-11-10 09:00:10","20810","0"
"17342519","0","2019-11-10 09:00:10","20464","0"
"17342520","0","2019-11-10 09:00:10","20588","0"
"17342521","0","2019-11-10 09:00:10","20839","0"
"17342522","0","2019-11-10 09:00:10","21220","0"
"17342523","0","2019-11-10 09:00:10","20177","0"
"17342524","0","2019-11-10 09:00:10","20549","0"
"17342525","0","2019-11-10 09:00:10","20035","0"
"17342526","0","2019-11-10 09:00:10","20532","0"
"17342527","0","2019-11-10 09:00:10","20632","0"
"17342528","0","2019-11-10 09:01:10","20625","0"
"17342529","0","2019-11-10 09:01:10","20679","0"
"17342530","0","2019-11-10 09:01:10","20009","0"
"17342531","0","2019-11-10 09:01:10","20455","0"
"17342532","0","2019-11-10 09:01:10","20513","0"
"17342533","0","2019-11-10 09:01:10","20002","0"
"17342534","0","2019-11-10 09:01:10","20009","0"
"17342535","0","2019-11-10 09:02:10","20578","0"
"17342536","0","2019-11-10 09:02:10","20037","20173"
"17342537","0","2019-11-10 09:02:10","20438","0"
"17342538","0","2019-11-10 09:02:10","20532","0"
"17342539","0","2019-11-10 09:02:10","21348","0"
"17342540","0","2019-11-10 09:02:10","21097","0"
"17342541","0","2019-11-10 09:02:10","20123","0"
"17342542","0","2019-11-10 09:02:10","21009","0"
"17342543","0","2019-11-10 09:02:10","20011","0"
"17342544","0","2019-11-10 09:03:10","20826","0"
"17342545","0","2019-11-10 09:03:10","20826","0"
"17342546","0","2019-11-10 09:03:10","20009","0"
"17342547","0","2019-11-10 09:03:10","20665","0"
"17342548","0","2019-11-10 09:03:10","20826","0"
"17342549","0","2019-11-10 09:03:10","20826","0"
"17342550","0","2019-11-10 09:03:10","20826","0"
"17342551","0","2019-11-10 09:03:10","20554","0"
"17342552","0","2019-11-10 09:03:10","20554","0"
"17342553","0","2019-11-10 09:03:10","20826","0"
"17342554","0","2019-11-10 09:03:10","20826","0"
"17342555","0","2019-11-10 09:03:10","20826","0"
"17342556","0","2019-11-10 09:03:10","20826","0"
"17342557","0","2019-11-10 09:03:10","20826","0"
"17342558","0","2019-11-10 09:03:10","20826","0"
"17342559","0","2019-11-10 09:03:10","20826","0"
"17342560","0","2019-11-10 09:04:10","20826","0"
"17342561","0","2019-11-10 09:04:10","20009","0"
"17342562","0","2019-11-10 09:04:10","20009","0"
"17342563","0","2019-11-10 09:04:10","20826","0"
"17342564","0","2019-11-10 09:04:10","20826","0"
"17342565","0","2019-11-10 09:04:10","20137","0"
"17342566","0","2019-11-10 09:04:10","20382","0"
"17342567","0","2019-11-10 09:04:10","20508","0"
"17342568","0","2019-11-10 09:04:10","21426","0"
"17342569","0","2019-11-10 09:04:10","20826","0"
"17342570","0","2019-11-10 09:04:10","21058","0"
"17342571","0","2019-11-10 09:04:10","20826","0"
"17342572","0","2019-11-10 09:04:10","20826","0"
"17342573","0","2019-11-10 09:04:10","20892","0"
"17342574","0","2019-11-10 09:04:10","20826","0"
"17342575","0","2019-11-10 09:04:10","20826","0"
"17342576","0","2019-11-10 09:04:10","20826","0"
"17342577","0","2019-11-10 09:04:10","20826","0"
"17342578","0","2019-11-10 09:04:10","21212","0"
"17342579","0","2019-11-10 09:04:10","21105","0"
"17342580","0","2019-11-10 09:04:10","20423","0"
"17342581","0","2019-11-10 09:05:10","20315","0"
"17342582","0","2019-11-10 09:05:10","20536","0"
"17342583","0","2019-11-10 09:05:10","20826","0"
"17342584","0","2019-11-10 09:05:10","20826","0"
"17342585","0","2019-11-10 09:05:10","20496","0"
"17342586","0","2019-11-10 09:05:10","21382","0"
"17342587","0","2019-11-10 09:05:10","20382","0"
"17342588","0","2019-11-10 09:05:10","20438","0"
"17342589","0","2019-11-10 09:05:10","20826","0"
"17342590","0","2019-11-10 09:05:10","20657","0"
"17342591","0","2019-11-10 09:05:10","20826","0"
"17342592","0","2019-11-10 09:05:10","20826","0"
"17342593","0","2019-11-10 09:05:10","20993","0"
"17342594","0","2019-11-10 09:05:10","20505","0"
"17342595","0","2019-11-10 09:05:10","20826","0"
"17342596","0","2019-11-10 09:05:10","21294","0"
"17342597","0","2019-11-10 09:05:10","20537","0"
"17342598","0","2019-11-10 09:05:10","21108","0"
"17342599","0","2019-11-10 09:06:10","20817","0"
"17342600","0","2019-11-10 09:06:10","20531","0"
"17342601","0","2019-11-10 09:06:10","21212","0"
"17342602","0","2019-11-10 09:06:10","20826","0"
"17342603","0","2019-11-10 09:06:10","20993","0"
"17342604","0","2019-11-10 09:06:10","20826","0"
"17342605","0","2019-11-10 09:06:10","20040","0"
"17342606","0","2019-11-10 09:06:10","20608","0"
"17342607","0","2019-11-10 09:06:10","20562","0"
"17342608","0","2019-11-10 09:06:10","20826","0"
"17342609","0","2019-11-10 09:06:10","20826","0"
"17342610","0","2019-11-10 09:06:10","21172","0"
"17342611","0","2019-11-10 09:06:10","20736","0"
"17342612","0","2019-11-10 09:06:10","20179","0"
"17342613","0","2019-11-10 09:06:10","20826","0"
"17342614","0","2019-11-10 09:06:10","20009","0"
"17342615","0","2019-11-10 09:06:10","21129","0"
"17342616","0","2019-11-10 09:07:10","20863","0"
"17342617","0","2019-11-10 09:07:10","21112","0"
"17342618","0","2019-11-10 09:07:10","20752","0"
"17342619","0","2019-11-10 09:07:10","21136","0"
"17342620","0","2019-11-10 09:07:10","20505","0"
"17342621","0","2019-11-10 09:07:10","20347","21480"
"17342622","0","2019-11-10 09:07:10","20586","0"
"17342623","0","2019-11-10 09:08:10","20037","0"
"17342624","0","2019-11-10 09:08:10","20814","0"
"17342625","0","2019-11-10 09:08:10","20483","0"
"17342626","0","2019-11-10 09:08:10","20492","0"
"17342627","0","2019-11-10 09:08:10","20953","0"
"17342628","0","2019-11-10 09:08:10","21123","0"
"17342629","0","2019-11-10 09:08:10","21426","0"
"17342630","0","2019-11-10 09:08:10","20826","0"
"17342631","0","2019-11-10 09:08:10","20824","0"
"17342632","0","2019-11-10 09:08:10","20758","0"
"17342633","0","2019-11-10 09:08:10","20993","0"
"17342634","0","2019-11-10 09:08:10","20492","0"
"17342635","0","2019-11-10 09:08:10","20540","0"
"17342636","0","2019-11-10 09:09:10","21353","0"
"17342637","0","2019-11-10 09:09:10","20301","0"
"17342638","0","2019-11-10 09:09:10","20818","0"
"17342639","0","2019-11-10 09:09:10","21437","0"
"17342640","0","2019-11-10 09:09:10","20540","0"
"17342641","0","2019-11-10 09:09:10","21031","0"
"17342642","0","2019-11-10 09:10:10","20829","0"
"17342643","0","2019-11-10 09:10:10","20540","0"
"17342644","0","2019-11-10 09:10:10","20519","0"
"17342645","0","2019-11-10 09:10:10","20657","0"
"17342646","0","2019-11-10 09:10:10","20581","0"
"17342647","0","2019-11-10 09:10:10","20635","0"
"17342648","0","2019-11-10 09:10:10","20818","0"
"17342649","0","2019-11-10 09:10:10","20669","0"
"17342650","0","2019-11-10 09:10:10","20505","0"
"17342651","0","2019-11-10 09:10:10","20253","0"
"17342652","0","2019-11-10 09:10:10","21142","0"
"17342653","0","2019-11-10 09:10:10","21253","0"
"17342654","0","2019-11-10 09:10:10","21223","0"
"17342655","0","2019-11-10 09:10:10","20623","0"
"17342656","0","2019-11-10 09:10:10","20588","0"
"17342657","0","2019-11-10 09:11:10","20505","0"
"17342658","0","2019-11-10 09:11:10","20436","0"
"17342659","0","2019-11-10 09:11:10","21038","0"
"17342660","0","2019-11-10 09:11:10","21155","0"
"17342661","0","2019-11-10 09:11:10","20437","0"
"17342662","0","2019-11-10 09:11:10","20540","0"
"17342663","0","2019-11-10 09:11:10","21185","0"
"17342664","0","2019-11-10 09:11:10","20506","0"
"17342665","0","2019-11-10 09:11:10","20680","0"
"17342666","0","2019-11-10 09:11:10","20824","0"
"17342667","0","2019-11-10 09:11:10","20825","0"
"17342668","0","2019-11-10 09:11:10","21140","0"
"17342669","0","2019-11-10 09:11:10","20156","0"
"17342670","0","2019-11-10 09:11:10","20818","0"
"17342671","0","2019-11-10 09:12:10","20824","0"
"17342672","0","2019-11-10 09:12:10","20483","0"
"17342673","0","2019-11-10 09:12:10","20824","0"
"17342674","0","2019-11-10 09:12:10","20549","0"
"17342675","0","2019-11-10 09:13:10","20540","0"
"17342676","0","2019-11-10 09:13:10","20498","0"
"17342677","0","2019-11-10 09:13:10","20826","0"
"17342678","0","2019-11-10 09:13:10","20209","0"
"17342679","0","2019-11-10 09:13:10","20629","0"
"17342680","0","2019-11-10 09:13:10","20540","0"
"17342681","0","2019-11-10 09:13:10","20888","0"
"17342682","0","2019-11-10 09:13:10","20838","0"
"17342683","0","2019-11-10 09:13:10","20941","0"
"17342684","0","2019-11-10 09:14:10","20992","0"
"17342685","0","2019-11-10 09:14:10","20510","0"
"17342686","8547225","2019-11-10 09:14:10","20418","0"
"17342687","0","2019-11-10 09:14:10","20279","21112"
"17342688","0","2019-11-10 09:14:10","21353","0"
"17342689","0","2019-11-10 09:15:10","21066","0"
"17342690","0","2019-11-10 09:15:10","20851","0"
"17342691","0","2019-11-10 09:15:10","21295","0"
"17342692","0","2019-11-10 09:15:10","20878","0"
"17342693","0","2019-11-10 09:15:10","20581","0"
"17342694","0","2019-11-10 09:15:10","20086","0"
"17342695","0","2019-11-10 09:15:10","20185","0"
"17342696","0","2019-11-10 09:15:10","20520","0"
"17342697","0","2019-11-10 09:15:10","20498","0"
"17342698","0","2019-11-10 09:15:10","20479","0"
"17342699","0","2019-11-10 09:15:10","20772","0"
"17342700","0","2019-11-10 09:15:10","20574","0"
"17342701","0","2019-11-10 09:15:10","21438","0"
"17342702","0","2019-11-10 09:15:10","20008","0"
"17342703","0","2019-11-10 09:15:10","21516","0"
"17342704","0","2019-11-10 09:15:10","20543","0"
"17342705","0","2019-11-10 09:15:10","20540","0"
"17342706","0","2019-11-10 09:16:10","20589","0"
"17342707","0","2019-11-10 09:16:10","20570","0"
"17342708","0","2019-11-10 09:16:10","20382","0"
"17342709","0","2019-11-10 09:16:10","20553","0"
"17342710","0","2019-11-10 09:16:10","21054","0"
"17342711","0","2019-11-10 09:16:10","20966","0"
"17342712","0","2019-11-10 09:16:10","20073","0"
"17342713","0","2019-11-10 09:16:10","20860","0"
"17342714","0","2019-11-10 09:16:10","21119","0"
"17342715","0","2019-11-10 09:17:10","20382","0"
"17342716","0","2019-11-10 09:17:10","21108","0"
"17342717","0","2019-11-10 09:17:10","20777","0"
"17342718","0","2019-11-10 09:17:10","20826","0"
"17342719","0","2019-11-10 09:17:10","20505","0"
"17342720","0","2019-11-10 09:17:10","20316","0"
"17342721","0","2019-11-10 09:17:10","20086","0"
"17342722","0","2019-11-10 09:17:10","21170","0"
"17342723","0","2019-11-10 09:17:10","21222","0"
"17342724","0","2019-11-10 09:17:10","21216","0"
"17342725","0","2019-11-10 09:17:10","20817","0"
"17342726","0","2019-11-10 09:18:10","20817","0"
"17342727","0","2019-11-10 09:18:10","20741","0"
"17342728","0","2019-11-10 09:18:10","20633","0"
"17342729","0","2019-11-10 09:18:10","21170","0"
"17342730","0","2019-11-10 09:18:10","20192","0"
"17342731","0","2019-11-10 09:18:10","20870","0"
"17342732","0","2019-11-10 09:18:10","20579","0"
"17342733","0","2019-11-10 09:18:10","20020","0"
"17342734","0","2019-11-10 09:18:10","20579","0"
"17342735","0","2019-11-10 09:18:10","20870","0"
"17342736","0","2019-11-10 09:18:10","20513","0"
"17342737","0","2019-11-10 09:18:10","21170","0"
"17342738","0","2019-11-10 09:18:10","20382","0"
"17342739","0","2019-11-10 09:18:10","20826","0"
"17342740","0","2019-11-10 09:18:10","20316","0"
"17342741","8547225","2019-11-10 09:18:10","20508","0"
"17342742","0","2019-11-10 09:19:10","20445","0"
"17342743","0","2019-11-10 09:19:10","20870","0"
"17342744","0","2019-11-10 09:19:10","20961","0"
"17342745","0","2019-11-10 09:19:10","20612","0"
"17342746","0","2019-11-10 09:19:10","20632","0"
"17342747","0","2019-11-10 09:19:10","20870","0"
"17342748","0","2019-11-10 09:19:10","21423","0"
"17342749","0","2019-11-10 09:20:10","21081","0"
"17342750","0","2019-11-10 09:20:10","20853","0"
"17342751","0","2019-11-10 09:20:10","20853","0"
"17342752","0","2019-11-10 09:20:10","20424","0"
"17342753","0","2019-11-10 09:20:10","20853","0"
"17342754","0","2019-11-10 09:20:10","20853","0"
"17342755","0","2019-11-10 09:20:10","20853","0"
"17342756","0","2019-11-10 09:20:10","20020","0"
"17342757","0","2019-11-10 09:20:10","21385","0"
"17342758","8547225","2019-11-10 09:21:10","20449","0"
"17342759","0","2019-11-10 09:21:10","20853","0"
"17342760","0","2019-11-10 09:21:10","20279","0"
"17342761","0","2019-11-10 09:21:10","20456","0"
"17342762","0","2019-11-10 09:21:10","20053","0"
"17342763","0","2019-11-10 09:21:10","20831","0"
"17342764","0","2019-11-10 09:21:10","21428","0"
"17342765","0","2019-11-10 09:21:10","20544","0"
"17342766","0","2019-11-10 09:21:10","20240","0"
"17342767","0","2019-11-10 09:21:10","20089","0"
"17342768","0","2019-11-10 09:21:10","21223","0"
"17342769","0","2019-11-10 09:22:10","20020","0"
"17342770","0","2019-11-10 09:22:10","20020","0"
"17342771","8547225","2019-11-10 09:22:10","20971","0"
"17342772","0","2019-11-10 09:22:10","21426","0"
"17342773","0","2019-11-10 09:23:10","20679","0"
"17342774","0","2019-11-10 09:23:10","20191","0"
"17342775","8547225","2019-11-10 09:23:10","20783","0"
"17342776","0","2019-11-10 09:23:10","21318","0"
"17342777","0","2019-11-10 09:23:10","21104","0"
"17342778","30857604","2019-11-10 09:23:10","21318","0"
"17342779","0","2019-11-10 09:23:10","20826","0"
"17342780","0","2019-11-10 09:23:10","20742","0"
"17342781","0","2019-11-10 09:23:10","20553","0"
"17342782","0","2019-11-10 09:23:10","20279","21112"
"17342783","0","2019-11-10 09:24:10","20290","21153"
"17342784","0","2019-11-10 09:24:10","20510","0"
"17342785","0","2019-11-10 09:24:10","20598","0"
"17342786","0","2019-11-10 09:24:10","20985","0"
"17342787","0","2019-11-10 09:24:10","20089","0"
"17342788","0","2019-11-10 09:24:10","20760","0"
"17342789","0","2019-11-10 09:24:10","20069","0"
"17342790","0","2019-11-10 09:24:10","21003","0"
"17342791","0","2019-11-10 09:24:10","20783","0"
"17342792","0","2019-11-10 09:24:10","20464","0"
"17342793","0","2019-11-10 09:24:10","21343","0"
"17342794","0","2019-11-10 09:24:10","20464","0"
"17342795","0","2019-11-10 09:25:10","20464","0"
"17342796","0","2019-11-10 09:25:10","20464","0"
"17342797","0","2019-11-10 09:25:10","20326","0"
"17342798","0","2019-11-10 09:25:10","20059","0"
"17342799","0","2019-11-10 09:25:10","20251","0"
"17342800","0","2019-11-10 09:25:10","20598","0"
"17342801","0","2019-11-10 09:25:10","21138","0"
"17342802","0","2019-11-10 09:25:10","20965","0"
"17342803","0","2019-11-10 09:25:10","20222","20906"
"17342804","0","2019-11-10 09:25:10","20513","0"
"17342805","0","2019-11-10 09:25:10","21159","0"
"17342806","0","2019-11-10 09:26:10","20598","0"
"17342807","8801364","2019-11-10 09:26:10","20818","0"
"17342808","0","2019-11-10 09:26:10","20880","0"
"17342809","0","2019-11-10 09:26:10","20000","0"
"17342810","0","2019-11-10 09:26:10","20342","0"
"17342811","0","2019-11-10 09:26:10","20506","0"
"17342812","0","2019-11-10 09:26:10","20991","0"
"17342813","0","2019-11-10 09:26:10","20579","0"
"17342814","0","2019-11-10 09:26:10","20579","0"
"17342815","0","2019-11-10 09:26:10","20000","0"
"17342816","0","2019-11-10 09:26:10","20557","0"
"17342817","0","2019-11-10 09:27:10","20089","0"
"17342818","0","2019-11-10 09:27:10","20069","0"
"17342819","0","2019-11-10 09:27:10","20445","0"
"17342820","0","2019-11-10 09:27:10","20086","0"
"17342821","0","2019-11-10 09:27:10","20382","0"
"17342822","0","2019-11-10 09:27:10","21063","0"
"17342823","0","2019-11-10 09:27:10","20598","0"
"17342824","0","2019-11-10 09:27:10","20587","0"
"17342825","0","2019-11-10 09:27:10","20831","0"
"17342826","0","2019-11-10 09:27:10","20242","0"
"17342827","8547225","2019-11-10 09:27:10","20783","0"
"17342828","0","2019-11-10 09:27:10","20510","0"
"17342829","0","2019-11-10 09:28:10","20223","0"
"17342830","0","2019-11-10 09:28:10","20754","0"
"17342831","0","2019-11-10 09:28:10","20842","0"
"17342832","0","2019-11-10 09:28:10","20382","0"
"17342833","0","2019-11-10 09:28:10","21101","0"
"17342834","0","2019-11-10 09:28:10","20518","0"
"17342835","0","2019-11-10 09:28:10","21116","0"
"17342836","0","2019-11-10 09:28:10","20754","0"
"17342837","0","2019-11-10 09:28:10","20587","0"
"17342838","0","2019-11-10 09:28:10","20136","0"
"17342839","0","2019-11-10 09:28:10","20754","0"
"17342840","0","2019-11-10 09:28:10","21488","0"
"17342841","0","2019-11-10 09:28:10","20598","0"
"17342842","0","2019-11-10 09:28:10","21094","0"
"17342843","0","2019-11-10 09:29:10","21134","0"
"17342844","0","2019-11-10 09:29:10","20575","0"
"17342845","0","2019-11-10 09:29:10","20069","0"
"17342846","0","2019-11-10 09:29:10","21254","0"
"17342847","0","2019-11-10 09:29:10","20754","0"
"17342848","0","2019-11-10 09:29:10","20824","0"
"17342849","0","2019-11-10 09:29:10","20814","0"
"17342850","0","2019-11-10 09:29:10","20077","0"
"17342851","0","2019-11-10 09:29:10","20382","0"
"17342852","0","2019-11-10 09:30:10","20606","0"
"17342853","0","2019-11-10 09:30:10","20290","0"
"17342854","0","2019-11-10 09:30:10","20039","0"
"17342855","0","2019-11-10 09:30:10","21196","0"
"17342856","0","2019-11-10 09:30:10","20654","0"
"17342857","0","2019-11-10 09:30:10","21216","0"
"17342858","0","2019-11-10 09:30:10","20595","0"
"17342859","0","2019-11-10 09:30:10","20424","0"
"17342860","0","2019-11-10 09:30:10","21205","0"
"17342861","0","2019-11-10 09:30:10","20086","0"
"17342862","0","2019-11-10 09:30:10","21237","0"
"17342863","0","2019-11-10 09:30:10","20669","0"
"17342864","0","2019-11-10 09:30:10","20003","0"
"17342865","0","2019-11-10 09:30:10","20653","0"
"17342866","0","2019-11-10 09:30:10","20777","0"
"17342867","0","2019-11-10 09:30:10","20667","0"
"17342868","0","2019-11-10 09:30:10","20209","0"
"17342869","0","2019-11-10 09:30:10","20979","0"
"17342870","0","2019-11-10 09:30:10","21315","0"
"17342871","0","2019-11-10 09:31:10","20681","0"
"17342872","0","2019-11-10 09:31:10","20382","0"
"17342873","0","2019-11-10 09:31:10","21185","0"
"17342874","0","2019-11-10 09:31:10","20691","0"
"17342875","0","2019-11-10 09:31:10","20841","0"
"17342876","0","2019-11-10 09:31:10","20382","0"
"17342877","0","2019-11-10 09:31:10","20056","0"
"17342878","0","2019-11-10 09:31:10","20681","0"
"17342879","0","2019-11-10 09:31:10","20451","0"
"17342880","0","2019-11-10 09:31:10","20003","0"
"17342881","0","2019-11-10 09:31:10","20446","0"
"17342882","0","2019-11-10 09:31:10","20137","0"
"17342883","0","2019-11-10 09:31:10","20831","0"
"17342884","0","2019-11-10 09:31:10","20503","0"
"17342885","0","2019-11-10 09:31:10","20015","0"
"17342886","0","2019-11-10 09:32:10","20754","0"
"17342887","0","2019-11-10 09:32:10","20382","0"
"17342888","0","2019-11-10 09:32:10","20754","0"
"17342889","0","2019-11-10 09:32:10","20632","0"
"17342890","0","2019-11-10 09:32:10","20629","0"
"17342891","0","2019-11-10 09:32:10","20678","0"
"17342892","0","2019-11-10 09:32:10","20754","0"
"17342893","0","2019-11-10 09:32:10","20681","0"
"17342894","0","2019-11-10 09:32:10","20754","0"
"17342895","0","2019-11-10 09:32:10","20754","0"
"17342896","0","2019-11-10 09:32:10","20268","0"
"17342897","0","2019-11-10 09:32:10","20268","0"
"17342898","0","2019-11-10 09:32:10","20845","0"
"17342899","0","2019-11-10 09:32:10","20283","0"
"17342900","0","2019-11-10 09:32:10","20423","0"
"17342901","0","2019-11-10 09:32:10","20197","0"
"17342902","0","2019-11-10 09:32:10","20678","0"
"17342903","0","2019-11-10 09:32:10","20039","0"
"17342904","0","2019-11-10 09:32:10","20171","0"
"17342905","0","2019-11-10 09:32:10","20251","0"
"17342906","0","2019-11-10 09:32:10","20272","0"
"17342907","0","2019-11-10 09:32:10","20613","0"
"17342908","0","2019-11-10 09:32:10","20677","0"
"17342909","0","2019-11-10 09:33:10","20423","0"
"17342910","0","2019-11-10 09:33:10","20680","0"
"17342911","0","2019-11-10 09:33:10","20831","0"
"17342912","0","2019-11-10 09:33:10","21161","0"
"17342913","0","2019-11-10 09:33:10","20382","0"
"17342914","0","2019-11-10 09:33:10","20003","0"
"17342915","0","2019-11-10 09:33:10","20137","0"
"17342916","0","2019-11-10 09:33:10","20681","0"
"17342917","0","2019-11-10 09:33:10","20843","0"
"17342918","0","2019-11-10 09:33:10","20552","0"
"17342919","0","2019-11-10 09:34:10","20419","0"
"17342920","0","2019-11-10 09:34:10","20092","0"
"17342921","0","2019-11-10 09:34:10","20738","0"
"17342922","0","2019-11-10 09:34:10","20383","0"
"17342923","30269013","2019-11-10 09:34:10","20383","0"
"17342924","0","2019-11-10 09:34:10","20315","0"
"17342925","0","2019-11-10 09:34:10","20056","0"
"17342926","0","2019-11-10 09:34:10","20382","0"
"17342927","0","2019-11-10 09:34:10","20840","0"
"17342928","0","2019-11-10 09:34:10","20747","0"
"17342929","0","2019-11-10 09:34:10","20171","0"
"17342930","0","2019-11-10 09:34:10","20272","0"
"17342931","0","2019-11-10 09:34:10","20692","0"
"17342932","0","2019-11-10 09:34:10","20740","0"
"17342933","0","2019-11-10 09:34:10","20681","0"
"17342934","0","2019-11-10 09:34:10","21267","0"
"17342935","0","2019-11-10 09:35:10","20537","0"
"17342936","0","2019-11-10 09:35:10","20644","0"
"17342937","0","2019-11-10 09:35:10","21302","0"
"17342938","0","2019-11-10 09:35:10","21272","0"
"17342939","0","2019-11-10 09:35:10","20157","0"
"17342940","0","2019-11-10 09:35:10","21287","0"
"17342941","0","2019-11-10 09:35:10","20688","0"
"17342942","0","2019-11-10 09:35:10","20557","0"
"17342943","0","2019-11-10 09:35:10","21184","0"
"17342944","0","2019-11-10 09:35:10","20042","0"
"17342945","0","2019-11-10 09:35:10","20738","0"
"17342946","0","2019-11-10 09:35:10","21309","0"
"17342947","0","2019-11-10 09:35:10","20392","21843"
"17342948","0","2019-11-10 09:35:10","20837","0"
"17342949","0","2019-11-10 09:35:10","20203","0"
"17342950","0","2019-11-10 09:35:10","20754","0"
"17342951","0","2019-11-10 09:35:10","20754","0"
"17342952","0","2019-11-10 09:36:10","20244","0"
"17342953","0","2019-11-10 09:36:10","20203","0"
"17342954","0","2019-11-10 09:36:10","20244","0"
"17342955","0","2019-11-10 09:36:10","20537","0"
"17342956","0","2019-11-10 09:36:10","20740","0"
"17342957","0","2019-11-10 09:36:10","20597","0"
"17342958","0","2019-11-10 09:36:10","20272","0"
"17342959","0","2019-11-10 09:36:10","20978","0"
"17342960","0","2019-11-10 09:36:10","20754","0"
"17342961","0","2019-11-10 09:36:10","20316","0"
"17342962","0","2019-11-10 09:36:10","21254","0"
"17342963","0","2019-11-10 09:36:10","20272","0"
"17342964","0","2019-11-10 09:36:10","20315","0"
"17342965","0","2019-11-10 09:37:10","20244","0"
"17342966","0","2019-11-10 09:37:10","20670","0"
"17342967","0","2019-11-10 09:37:10","20961","0"
"17342968","0","2019-11-10 09:37:10","20851","0"
"17342969","0","2019-11-10 09:37:10","20837","0"
"17342970","0","2019-11-10 09:37:10","20447","0"
"17342971","0","2019-11-10 09:37:10","20392","21844"
"17342972","0","2019-11-10 09:37:10","20991","0"
"17342973","0","2019-11-10 09:37:10","20754","0"
"17342974","0","2019-11-10 09:37:10","21175","0"
"17342975","0","2019-11-10 09:37:10","21209","0"
"17342976","0","2019-11-10 09:37:10","20468","0"
"17342977","0","2019-11-10 09:37:10","20754","0"
"17342978","0","2019-11-10 09:37:10","21209","0"
"17342979","0","2019-11-10 09:37:10","20394","0"
"17342980","0","2019-11-10 09:38:10","21127","0"
"17342981","0","2019-11-10 09:38:10","20392","0"
"17342982","0","2019-11-10 09:38:10","21256","0"
"17342983","0","2019-11-10 09:38:10","21090","0"
"17342984","0","2019-11-10 09:38:10","20684","0"
"17342985","0","2019-11-10 09:38:10","20352","0"
"17342986","0","2019-11-10 09:38:10","20777","0"
"17342987","0","2019-11-10 09:38:10","21209","0"
"17342988","0","2019-11-10 09:38:10","20951","0"
"17342989","0","2019-11-10 09:38:10","20204","0"
"17342990","0","2019-11-10 09:38:10","21242","0"
"17342991","0","2019-11-10 09:38:10","20559","0"
"17342992","0","2019-11-10 09:38:10","20209","0"
"17342993","0","2019-11-10 09:38:10","21270","0"
"17342994","0","2019-11-10 09:38:10","20271","21140"
"17342995","0","2019-11-10 09:38:10","21406","0"
"17342996","0","2019-11-10 09:39:10","20977","0"
"17342997","0","2019-11-10 09:39:10","21116","0"
"17342998","0","2019-11-10 09:39:10","21116","0"
"17342999","0","2019-11-10 09:39:10","20615","0"
"17343000","0","2019-11-10 09:39:10","20977","0"
"17343001","0","2019-11-10 09:39:10","20977","0"
"17343002","0","2019-11-10 09:39:10","20032","0"
"17343003","0","2019-11-10 09:39:10","20003","0"
"17343004","0","2019-11-10 09:39:10","20691","0"
"17343005","0","2019-11-10 09:39:10","20584","0"
"17343006","0","2019-11-10 09:39:10","20125","0"
"17343007","0","2019-11-10 09:40:10","20814","0"
"17343008","0","2019-11-10 09:40:10","20871","0"
"17343009","0","2019-11-10 09:40:10","20086","0"
"17343010","0","2019-11-10 09:40:10","20342","0"
"17343011","0","2019-11-10 09:40:10","21209","0"
"17343012","0","2019-11-10 09:40:10","20233","0"
"17343013","0","2019-11-10 09:40:10","20342","21755"
"17343014","0","2019-11-10 09:40:10","20735","0"
"17343015","0","2019-11-10 09:40:10","20318","0"
"17343016","0","2019-11-10 09:40:10","20841","0"
"17343017","0","2019-11-10 09:40:10","21242","0"
"17343018","0","2019-11-10 09:40:10","21100","0"
"17343019","0","2019-11-10 09:40:10","20977","0"
"17343020","0","2019-11-10 09:40:10","20611","0"
"17343021","0","2019-11-10 09:40:10","20108","0"
"17343022","0","2019-11-10 09:41:10","20303","0"
"17343023","0","2019-11-10 09:41:10","20962","0"
"17343024","0","2019-11-10 09:41:10","21516","0"
"17343025","0","2019-11-10 09:41:10","20850","0"
"17343026","0","2019-11-10 09:41:10","20423","0"
"17343027","0","2019-11-10 09:41:10","20540","0"
"17343028","0","2019-11-10 09:41:10","21136","0"
"17343029","0","2019-11-10 09:41:10","20045","0"
"17343030","0","2019-11-10 09:41:10","20391","0"
"17343031","0","2019-11-10 09:41:10","20366","0"
"17343032","0","2019-11-10 09:41:10","21090","0"
"17343033","0","2019-11-10 09:41:10","20113","0"
"17343034","0","2019-11-10 09:41:10","21090","0"
"17343035","0","2019-11-10 09:41:10","20833","0"
"17343036","0","2019-11-10 09:41:10","20322","0"
"17343037","0","2019-11-10 09:42:10","20382","0"
"17343038","0","2019-11-10 09:42:10","20541","0"
"17343039","0","2019-11-10 09:42:10","20835","0"
"17343040","0","2019-11-10 09:42:10","20735","0"
"17343041","0","2019-11-10 09:42:10","20344","0"
"17343042","0","2019-11-10 09:42:10","20344","0"
"17343043","0","2019-11-10 09:42:10","20382","0"
"17343044","0","2019-11-10 09:42:10","20687","0"
"17343045","0","2019-11-10 09:42:10","20079","20324"
"17343046","0","2019-11-10 09:42:10","20517","0"
"17343047","0","2019-11-10 09:42:10","20628","0"
"17343048","0","2019-11-10 09:42:10","21058","0"
"17343049","0","2019-11-10 09:42:10","20831","0"
"17343050","0","2019-11-10 09:42:10","21477","0"
"17343051","0","2019-11-10 09:42:10","20980","0"
"17343052","0","2019-11-10 09:42:10","21093","0"
"17343053","0","2019-11-10 09:42:10","20003","0"
"17343054","0","2019-11-10 09:42:10","20819","0"
"17343055","0","2019-11-10 09:42:10","20843","0"
"17343056","0","2019-11-10 09:42:10","20382","0"
"17343057","0","2019-11-10 09:42:10","20137","20526"
"17343058","0","2019-11-10 09:43:10","20382","0"
"17343059","0","2019-11-10 09:43:10","20992","0"
"17343060","0","2019-11-10 09:43:10","20819","0"
"17343061","0","2019-11-10 09:43:10","20532","0"
"17343062","0","2019-11-10 09:43:10","20382","0"
"17343063","0","2019-11-10 09:43:10","20840","0"
"17343064","0","2019-11-10 09:43:10","21249","0"
"17343065","0","2019-11-10 09:43:10","20536","0"
"17343066","0","2019-11-10 09:43:10","20551","0"
"17343067","0","2019-11-10 09:43:10","20825","0"
"17343068","0","2019-11-10 09:43:10","20460","0"
"17343069","0","2019-11-10 09:43:10","20671","0"
"17343070","0","2019-11-10 09:43:10","21294","0"
"17343071","0","2019-11-10 09:44:10","20156","0"
"17343072","0","2019-11-10 09:44:10","20537","0"
"17343073","0","2019-11-10 09:44:10","20700","0"
"17343074","0","2019-11-10 09:44:10","20439","0"
"17343075","0","2019-11-10 09:44:10","20155","0"
"17343076","0","2019-11-10 09:44:10","20920","0"
"17343077","0","2019-11-10 09:44:10","20919","0"
"17343078","0","2019-11-10 09:44:10","20754","0"
"17343079","0","2019-11-10 09:44:10","20880","0"
"17343080","0","2019-11-10 09:44:10","20840","0"
"17343081","0","2019-11-10 09:44:10","20877","0"
"17343082","0","2019-11-10 09:44:10","20700","0"
"17343083","0","2019-11-10 09:44:10","20559","0"
"17343084","0","2019-11-10 09:44:10","20945","0"
"17343085","0","2019-11-10 09:44:10","20980","0"
"17343086","0","2019-11-10 09:45:10","21093","0"
"17343087","0","2019-11-10 09:45:10","21471","0"
"17343088","0","2019-11-10 09:45:10","21294","0"
"17343089","0","2019-11-10 09:45:10","21093","0"
"17343090","0","2019-11-10 09:45:10","20919","0"
"17343091","0","2019-11-10 09:45:10","20945","0"
"17343092","0","2019-11-10 09:45:10","20700","0"
"17343093","0","2019-11-10 09:45:10","20919","0"
"17343094","0","2019-11-10 09:45:10","20156","0"
"17343095","0","2019-11-10 09:45:10","21093","0"
"17343096","0","2019-11-10 09:45:10","20551","0"
"17343097","0","2019-11-10 09:45:10","20039","0"
"17343098","0","2019-11-10 09:45:10","20551","0"
"17343099","0","2019-11-10 09:45:10","21477","0"
"17343100","0","2019-11-10 09:45:10","21477","0"
"17343101","0","2019-11-10 09:45:10","21093","0"
"17343102","0","2019-11-10 09:45:10","20242","0"
"17343103","0","2019-11-10 09:45:10","20537","0"
"17343104","0","2019-11-10 09:45:10","20551","0"
"17343105","0","2019-11-10 09:45:10","20683","0"
"17343106","0","2019-11-10 09:45:10","20551","0"
"17343107","0","2019-11-10 09:45:10","20819","0"
"17343108","0","2019-11-10 09:45:10","20666","0"
"17343109","0","2019-11-10 09:45:10","20356","21424"
"17343110","0","2019-11-10 09:45:10","21090","0"
"17343111","0","2019-11-10 09:45:10","20583","0"
"17343112","0","2019-11-10 09:45:10","21090","0"
"17343113","0","2019-11-10 09:46:10","20350","0"
"17343114","0","2019-11-10 09:46:10","21477","0"
"17343115","0","2019-11-10 09:46:10","20382","0"
"17343116","0","2019-11-10 09:46:10","20368","21790"
"17343117","0","2019-11-10 09:46:10","20344","0"
"17343118","0","2019-11-10 09:46:10","21093","0"
"17343119","0","2019-11-10 09:46:10","21307","0"
"17343120","0","2019-11-10 09:46:10","20575","0"
"17343121","0","2019-11-10 09:46:10","20039","0"
"17343122","0","2019-11-10 09:46:10","21101","0"
"17343123","30857604","2019-11-10 09:46:10","21318","0"
"17343124","0","2019-11-10 09:46:10","20493","0"
"17343125","0","2019-11-10 09:46:10","20203","0"
"17343126","0","2019-11-10 09:46:10","20839","0"
"17343127","0","2019-11-10 09:46:10","20588","0"
"17343128","0","2019-11-10 09:46:10","20504","0"
"17343129","30857604","2019-11-10 09:46:10","21318","0"
"17343130","0","2019-11-10 09:46:10","20588","0"
"17343131","0","2019-11-10 09:47:10","20299","21354"
"17343132","0","2019-11-10 09:47:10","20839","0"
"17343133","0","2019-11-10 09:47:10","21313","0"
"17343134","0","2019-11-10 09:47:10","20828","0"
"17343135","0","2019-11-10 09:47:10","20646","0"
"17343136","0","2019-11-10 09:47:10","20561","0"
"17343137","0","2019-11-10 09:47:10","20490","0"
"17343138","0","2019-11-10 09:47:10","20743","0"
"17343139","0","2019-11-10 09:47:10","20317","0"
"17343140","0","2019-11-10 09:47:10","20900","0"
"17343141","0","2019-11-10 09:47:10","20611","0"
"17343142","0","2019-11-10 09:47:10","20665","0"
"17343143","0","2019-11-10 09:47:10","20279","21114"
"17343144","0","2019-11-10 09:48:10","21181","0"
"17343145","0","2019-11-10 09:48:10","20669","0"
"17343146","0","2019-11-10 09:48:10","20669","0"
"17343147","0","2019-11-10 09:48:10","20830","0"
"17343148","0","2019-11-10 09:48:10","20223","0"
"17343149","0","2019-11-10 09:48:10","21097","0"
"17343150","0","2019-11-10 09:48:10","20310","0"
"17343151","0","2019-11-10 09:48:10","20842","0"
"17343152","0","2019-11-10 09:48:10","20881","0"
"17343153","0","2019-11-10 09:48:10","20846","0"
"17343154","0","2019-11-10 09:48:10","20669","0"
"17343155","0","2019-11-10 09:48:10","20669","0"
"17343156","0","2019-11-10 09:48:10","20822","0"
"17343157","0","2019-11-10 09:48:10","20669","0"
"17343158","0","2019-11-10 09:48:10","20669","0"
"17343159","0","2019-11-10 09:48:10","20669","0"
"17343160","0","2019-11-10 09:48:10","20532","0"
"17343161","0","2019-11-10 09:48:10","20299","0"
"17343162","0","2019-11-10 09:48:10","20882","0"
"17343163","0","2019-11-10 09:48:10","20844","0"
"17343164","0","2019-11-10 09:48:10","20382","0"
"17343165","0","2019-11-10 09:49:10","20837","0"
"17343166","0","2019-11-10 09:49:10","21051","0"
"17343167","0","2019-11-10 09:49:10","21111","0"
"17343168","0","2019-11-10 09:49:10","21051","0"
"17343169","0","2019-11-10 09:49:10","20209","0"
"17343170","0","2019-11-10 09:49:10","20669","0"
"17343171","0","2019-11-10 09:49:10","21232","0"
"17343172","0","2019-11-10 09:49:10","20613","0"
"17343173","0","2019-11-10 09:49:10","20689","0"
"17343174","0","2019-11-10 09:49:10","20851","0"
"17343175","0","2019-11-10 09:49:10","20089","0"
"17343176","0","2019-11-10 09:49:10","20439","0"
"17343177","0","2019-11-10 09:50:10","20993","0"
"17343178","0","2019-11-10 09:50:10","20849","0"
"17343179","0","2019-11-10 09:50:10","20456","0"
"17343180","0","2019-11-10 09:50:10","20814","0"
"17343181","0","2019-11-10 09:50:10","21437","0"
"17343182","0","2019-11-10 09:50:10","20135","0"
"17343183","0","2019-11-10 09:50:10","20669","0"
"17343184","0","2019-11-10 09:50:10","21323","0"
"17343185","0","2019-11-10 09:50:10","20538","0"
"17343186","0","2019-11-10 09:50:10","20135","0"
"17343187","0","2019-11-10 09:50:10","20938","0"
"17343188","0","2019-11-10 09:50:10","20593","0"
"17343189","12636027","2019-11-10 09:50:10","20938","0"
"17343190","0","2019-11-10 09:50:10","20814","0"
"17343191","0","2019-11-10 09:50:10","21353","0"
"17343192","0","2019-11-10 09:50:10","20738","0"
"17343193","0","2019-11-10 09:51:10","20593","0"
"17343194","12636027","2019-11-10 09:51:10","20938","0"
"17343195","0","2019-11-10 09:51:10","20419","0"
"17343196","0","2019-11-10 09:51:10","20480","0"
"17343197","0","2019-11-10 09:51:10","20814","0"
"17343198","0","2019-11-10 09:51:10","20617","0"
"17343199","0","2019-11-10 09:51:10","20752","0"
"17343200","0","2019-11-10 09:51:10","20978","0"
"17343201","0","2019-11-10 09:51:10","20736","0"
"17343202","0","2019-11-10 09:51:10","20382","0"
"17343203","0","2019-11-10 09:51:10","20593","0"
"17343204","0","2019-11-10 09:51:10","20242","0"
"17343205","0","2019-11-10 09:51:10","20506","0"
"17343206","0","2019-11-10 09:51:10","20242","0"
"17343207","0","2019-11-10 09:51:10","20299","0"
"17343208","0","2019-11-10 09:51:10","20669","0"
"17343209","0","2019-11-10 09:51:10","20242","0"
"17343210","0","2019-11-10 09:51:10","20814","0"
"17343211","0","2019-11-10 09:51:10","20633","0"
"17343212","0","2019-11-10 09:52:10","20640","0"
"17343213","0","2019-11-10 09:52:10","20814","0"
"17343214","0","2019-11-10 09:52:10","20578","0"
"17343215","0","2019-11-10 09:52:10","20665","0"
"17343216","0","2019-11-10 09:52:10","20833","0"
"17343217","0","2019-11-10 09:52:10","21108","0"
"17343218","0","2019-11-10 09:52:10","20640","0"
"17343219","0","2019-11-10 09:52:10","20573","0"
"17343220","0","2019-11-10 09:52:10","20845","0"
"17343221","0","2019-11-10 09:52:10","20593","0"
"17343222","0","2019-11-10 09:53:10","21093","0"
"17343223","0","2019-11-10 09:53:10","20684","0"
"17343224","0","2019-11-10 09:53:10","20039","0"
"17343225","0","2019-11-10 09:53:10","21112","0"
"17343226","0","2019-11-10 09:53:10","21293","0"
"17343227","0","2019-11-10 09:53:10","20658","0"
"17343228","0","2019-11-10 09:53:10","20882","0"
"17343229","0","2019-11-10 09:53:10","20315","0"
"17343230","0","2019-11-10 09:53:10","20117","0"
"17343231","0","2019-11-10 09:53:10","20471","0"
"17343232","0","2019-11-10 09:53:10","20117","0"
"17343233","0","2019-11-10 09:53:10","21008","0"
"17343234","0","2019-11-10 09:53:10","21129","0"
"17343235","0","2019-11-10 09:53:10","20580","0"
"17343236","0","2019-11-10 09:53:10","20117","0"
"17343237","0","2019-11-10 09:53:10","20588","0"
"17343238","0","2019-11-10 09:53:10","20580","0"
"17343239","0","2019-11-10 09:53:10","20611","0"
"17343240","0","2019-11-10 09:54:10","20037","0"
"17343241","0","2019-11-10 09:54:10","21146","0"
"17343242","0","2019-11-10 09:54:10","20117","0"
"17343243","0","2019-11-10 09:54:10","20833","0"
"17343244","0","2019-11-10 09:54:10","20543","0"
"17343245","0","2019-11-10 09:54:10","20777","0"
"17343246","0","2019-11-10 09:54:10","20383","0"
"17343247","0","2019-11-10 09:54:10","20593","0"
"17343248","0","2019-11-10 09:54:10","20580","0"
"17343249","0","2019-11-10 09:54:10","20593","0"
"17343250","0","2019-11-10 09:54:10","20882","0"
"17343251","0","2019-11-10 09:54:10","20212","0"
"17343252","0","2019-11-10 09:55:10","20637","0"
"17343253","0","2019-11-10 09:55:10","21138","0"
"17343254","0","2019-11-10 09:55:10","20580","0"
"17343255","0","2019-11-10 09:55:10","20912","0"
"17343256","0","2019-11-10 09:55:10","20472","0"
"17343257","0","2019-11-10 09:55:10","21047","0"
"17343258","0","2019-11-10 09:55:10","20551","0"
"17343259","0","2019-11-10 09:55:10","20447","0"
"17343260","0","2019-11-10 09:55:10","21191","0"
"17343261","0","2019-11-10 09:55:10","20183","0"
"17343262","0","2019-11-10 09:55:10","21205","0"
"17343263","0","2019-11-10 09:55:10","20647","0"
"17343264","0","2019-11-10 09:55:10","21205","0"
"17343265","0","2019-11-10 09:55:10","20117","0"
"17343266","0","2019-11-10 09:55:10","20209","0"
"17343267","0","2019-11-10 09:55:10","21015","0"
"17343268","0","2019-11-10 09:55:10","20745","0"
"17343269","0","2019-11-10 09:55:10","20743","0"
"17343270","0","2019-11-10 09:55:10","20910","0"
"17343271","0","2019-11-10 09:55:10","20159","0"
"17343272","0","2019-11-10 09:56:10","20505","0"
"17343273","0","2019-11-10 09:56:10","20588","0"
"17343274","0","2019-11-10 09:56:10","21184","0"
"17343275","0","2019-11-10 09:56:10","21437","0"
"17343276","0","2019-11-10 09:56:10","21148","0"
"17343277","0","2019-11-10 09:56:10","20039","0"
"17343278","0","2019-11-10 09:56:10","21125","0"
"17343279","0","2019-11-10 09:56:10","20298","0"
"17343280","0","2019-11-10 09:56:10","20656","0"
"17343281","0","2019-11-10 09:56:10","21269","0"
"17343282","0","2019-11-10 09:56:10","20570","0"
"17343283","0","2019-11-10 09:56:10","20209","0"
"17343284","0","2019-11-10 09:56:10","20223","0"
"17343285","0","2019-11-10 09:56:10","20867","0"
"17343286","0","2019-11-10 09:56:10","21122","0"
"17343287","0","2019-11-10 09:56:10","21017","0"
"17343288","0","2019-11-10 09:56:10","20342","0"
"17343289","0","2019-11-10 09:56:10","20113","0"
"17343290","0","2019-11-10 09:56:10","20629","0"
"17343291","0","2019-11-10 09:57:10","20315","0"
"17343292","0","2019-11-10 09:57:10","21156","0"
"17343293","0","2019-11-10 09:57:10","20117","0"
"17343294","0","2019-11-10 09:57:10","21060","0"
"17343295","0","2019-11-10 09:57:10","21485","0"
"17343296","0","2019-11-10 09:57:10","20446","0"
"17343297","0","2019-11-10 09:57:10","20382","0"
"17343298","0","2019-11-10 09:57:10","21128","0"
"17343299","0","2019-11-10 09:57:10","21112","0"
"17343300","0","2019-11-10 09:57:10","20849","0"
"17343301","31887586","2019-11-10 09:57:10","20382","0"
"17343302","0","2019-11-10 09:57:10","20624","0"
"17343303","0","2019-11-10 09:57:10","20382","0"
"17343304","0","2019-11-10 09:57:10","20180","0"
"17343305","0","2019-11-10 09:58:10","21115","0"
"17343306","0","2019-11-10 09:58:10","20298","0"
"17343307","31488259","2019-11-10 09:58:10","20086","0"
"17343308","0","2019-11-10 09:58:10","20735","0"
"17343309","0","2019-11-10 09:58:10","20512","0"
"17343310","0","2019-11-10 09:58:10","20212","0"
"17343311","0","2019-11-10 09:58:10","20854","0"
"17343312","0","2019-11-10 09:58:10","20352","0"
"17343313","0","2019-11-10 09:58:10","20298","0"
"17343314","0","2019-11-10 09:58:10","20482","0"
"17343315","0","2019-11-10 09:58:10","20470","0"
"17343316","0","2019-11-10 09:58:10","21112","0"
"17343317","0","2019-11-10 09:58:10","20633","0"
"17343318","31488259","2019-11-10 09:58:10","20086","0"
"17343319","0","2019-11-10 09:59:10","20077","0"
"17343320","0","2019-11-10 09:59:10","20417","0"
"17343321","0","2019-11-10 09:59:10","20279","0"
"17343322","0","2019-11-10 09:59:10","20424","0"
"17343323","0","2019-11-10 09:59:10","21114","0"
"17343324","0","2019-11-10 09:59:10","21112","0"
"17343325","0","2019-11-10 09:59:10","20601","0"
"17343326","0","2019-11-10 09:59:10","20352","0"
"17343327","0","2019-11-10 09:59:10","20287","0"
"17343328","0","2019-11-10 09:59:10","20339","21372"
"17343329","0","2019-11-10 09:59:10","20656","0"
"17343330","0","2019-11-10 09:59:10","21478","0"
"17343331","0","2019-11-10 09:59:10","20941","0"
"17343332","0","2019-11-10 09:59:10","21129","0"
"17343333","0","2019-11-10 09:59:10","20882","0"
"17343334","0","2019-11-10 09:59:10","20854","0"
"17343335","0","2019-11-10 09:59:10","20740","0"
"17343336","0","2019-11-10 09:59:10","20311","0"
"17343337","0","2019-11-10 10:00:10","20371","0"
"17343338","0","2019-11-10 10:00:10","21300","0"
"17343339","0","2019-11-10 10:00:10","21112","0"
"17343340","0","2019-11-10 10:00:10","21385","0"
"17343341","0","2019-11-10 10:00:10","21300","0"
"17343342","0","2019-11-10 10:00:10","21223","0"
"17343343","0","2019-11-10 10:00:10","20950","0"
"17343344","0","2019-11-10 10:00:10","20589","0"
"17343345","0","2019-11-10 10:00:10","20310","0"
"17343346","0","2019-11-10 10:00:10","21136","0"
"17343347","0","2019-11-10 10:00:10","20207","0"
"17343348","0","2019-11-10 10:00:10","21139","0"
"17343349","0","2019-11-10 10:00:10","20371","0"
"17343350","0","2019-11-10 10:00:10","20480","0"
"17343351","0","2019-11-10 10:01:10","20459","0"
"17343352","0","2019-11-10 10:01:10","21469","0"
"17343353","0","2019-11-10 10:01:10","20632","0"
"17343354","0","2019-11-10 10:01:10","20056","0"
"17343355","0","2019-11-10 10:01:10","20382","0"
"17343356","0","2019-11-10 10:01:10","20612","0"
"17343357","0","2019-11-10 10:01:10","21339","0"
"17343358","0","2019-11-10 10:01:10","20647","0"
"17343359","0","2019-11-10 10:01:10","20573","0"
"17343360","0","2019-11-10 10:01:10","21218","0"
"17343361","0","2019-11-10 10:01:10","20810","0"
"17343362","0","2019-11-10 10:01:10","21136","0"
"17343363","0","2019-11-10 10:01:10","20298","0"
"17343364","0","2019-11-10 10:01:10","20592","0"
"17343365","0","2019-11-10 10:01:10","21098","0"
"17343366","0","2019-11-10 10:02:10","20171","0"
"17343367","0","2019-11-10 10:02:10","20949","0"
"17343368","0","2019-11-10 10:02:10","20546","0"
"17343369","0","2019-11-10 10:02:10","20382","0"
"17343370","0","2019-11-10 10:02:10","20975","0"
"17343371","0","2019-11-10 10:02:10","20268","0"
"17343372","0","2019-11-10 10:02:10","20559","0"
"17343373","0","2019-11-10 10:02:10","21035","0"
"17343374","0","2019-11-10 10:02:10","20204","0"
"17343375","0","2019-11-10 10:02:10","20171","21489"
"17343376","0","2019-11-10 10:03:10","20740","0"
"17343377","0","2019-11-10 10:03:10","20298","0"
"17343378","0","2019-11-10 10:03:10","20169","20760"
"17343379","0","2019-11-10 10:03:10","20355","0"
"17343380","0","2019-11-10 10:03:10","20700","0"
"17343381","0","2019-11-10 10:03:10","21129","0"
"17343382","0","2019-11-10 10:03:10","20003","0"
"17343383","0","2019-11-10 10:03:10","21294","0"
"17343384","0","2019-11-10 10:03:10","20740","0"
"17343385","0","2019-11-10 10:03:10","20836","0"
"17343386","0","2019-11-10 10:03:10","21142","0"
"17343387","0","2019-11-10 10:03:10","20168","0"
"17343388","0","2019-11-10 10:03:10","20637","0"
"17343389","0","2019-11-10 10:03:10","20382","0"
"17343390","0","2019-11-10 10:03:10","20900","0"
"17343391","0","2019-11-10 10:03:10","20079","0"
"17343392","0","2019-11-10 10:03:10","20818","0"
"17343393","0","2019-11-10 10:03:10","21010","0"
"17343394","0","2019-11-10 10:03:10","21035","0"
