"line_id","date","frame"
1,20200201,0
1,20200202,0
1,20200203,0
1,20200204,0
1,20200205,0
1,20200206,0
1,20200207,0
1,20200208,0
1,20200209,0
1,20200210,0
1,20200211,0
1,20200212,0
1,20200213,0
1,20200214,0
1,20200215,0
1,20200216,0
1,20200217,0
1,20200218,0
1,20200219,0
1,20200220,0
1,20200221,0
1,20200222,0
1,20200223,0
1,20200224,0
1,20200225,0
1,20200226,0
1,20200227,0
1,20200228,0
1,20200229,0
1,20200301,0
1,20200302,0
1,20200303,0
1,20200304,0
1,20200305,0
1,20200306,0
1,20200307,0
1,20200308,0
1,20200309,0
1,20200310,0
1,20200311,0
1,20200312,0
1,20200313,0
1,20200314,0
1,20200315,0
1,20200316,0
1,20200317,0
1,20200318,0
1,20200319,0
1,20200320,0
1,20200321,0
1,20200322,0
1,20200323,0
1,20200324,0
1,20200325,0
1,20200326,0
1,20200327,0
1,20200328,0
1,20200329,0
1,20200330,0
1,20200331,0
1,20200401,0
1,20200402,0
1,20200403,0
1,20200404,0
1,20200405,0
1,20200406,0
1,20200407,0
1,20200408,0
1,20200409,0
1,20200410,0
1,20200411,0
1,20200412,0
1,20200413,0
1,20200414,0
1,20200415,0
1,20200416,0
1,20200417,0
1,20200418,0
1,20200419,0
1,20200420,0
1,20200421,0
1,20200422,0
1,20200423,0
1,20200424,0
1,20200425,0
1,20200426,0
1,20200427,0
1,20200428,0
1,20200429,0
1,20200430,0
1,20200501,0
1,20200502,0
1,20200503,0
1,20200504,0
1,20200505,0
1,20200506,0
1,20200507,0
1,20200508,0
1,20200509,0
1,20200510,0
1,20200511,0
1,20200512,0
1,20200513,0
1,20200514,0
1,20200515,0
1,20200516,0
1,20200517,0
1,20200518,0
1,20200519,0
1,20200520,0
1,20200521,0
1,20200522,0
1,20200523,0
1,20200524,0
1,20200525,0
1,20200526,0
1,20200527,0
1,20200528,0
1,20200529,0
1,20200530,0
1,20200531,0
1,20200601,0
1,20200602,0
1,20200603,0
1,20200604,0
1,20200605,0
1,20200606,0
1,20200607,0
1,20200608,0
1,20200609,0
1,20200610,0
1,20200611,0
1,20200612,0
1,20200613,0
1,20200614,0
1,20200615,0
1,20200616,0
1,20200617,0
1,20200618,0
1,20200619,0
1,20200620,0
1,20200621,0
1,20200622,0
1,20200623,0
1,20200624,0
1,20200625,0
1,20200626,0
1,20200627,0
1,20200628,0
1,20200629,0
1,20200630,0
1,20200701,0
1,20200702,0
1,20200703,0
1,20200704,0
1,20200705,0
1,20200706,0
1,20200707,0
1,20200708,0
1,20200709,0
1,20200710,0
1,20200711,0
1,20200712,0
1,20200713,0
1,20200714,0
1,20200715,0
1,20200716,0
1,20200717,0
1,20200718,0
1,20200719,0
1,20200720,0
1,20200721,0
1,20200722,0
1,20200723,0
1,20200724,0
1,20200725,0
1,20200726,0
1,20200727,0
1,20200728,0
1,20200729,0
1,20200730,0
1,20200731,0
1,20200801,0
1,20200802,0
1,20200803,0
1,20200804,0
1,20200805,0
1,20200806,0
1,20200807,0
1,20200808,0
1,20200809,0
1,20200810,0
1,20200811,0
1,20200812,0
1,20200813,0
1,20200814,0
1,20200815,0
1,20200816,0
1,20200817,0
1,20200818,0
1,20200819,0
1,20200820,0
1,20200821,0
1,20200822,0
1,20200823,0
1,20200824,0
1,20200825,0
1,20200826,0
1,20200827,0
1,20200828,0
1,20200829,0
1,20200830,0
1,20200831,0
1,20200901,0
1,20200902,0
1,20200903,0
1,20200904,0
1,20200905,0
1,20200906,0
1,20200907,0
1,20200908,0
1,20200909,0
1,20200910,0
1,20200911,0
1,20200912,0
1,20200913,0
1,20200914,0
1,20200915,0
1,20200916,0
1,20200917,0
1,20200918,0
1,20200919,0
1,20200920,0
1,20200921,0
1,20200922,0
1,20200923,0
1,20200924,0
1,20200925,0
1,20200926,0
1,20200927,0
1,20200928,0
1,20200929,0
1,20200930,0
2,20200201,0
2,20200202,0
2,20200203,3
2,20200204,3
2,20200205,3
2,20200206,3
2,20200207,3
2,20200208,0
2,20200209,0
2,20200210,3
2,20200211,3
2,20200212,3
2,20200213,3
2,20200214,3
2,20200215,0
2,20200216,0
2,20200217,3
2,20200218,3
2,20200219,3
2,20200220,3
2,20200221,3
2,20200222,0
2,20200223,0
2,20200224,3
2,20200225,3
2,20200226,3
2,20200227,3
2,20200228,3
2,20200229,0
2,20200301,0
2,20200302,3
2,20200303,3
2,20200304,3
2,20200305,3
2,20200306,3
2,20200307,0
2,20200308,0
2,20200309,3
2,20200310,3
2,20200311,3
2,20200312,3
2,20200313,3
2,20200314,0
2,20200315,0
2,20200316,3
2,20200317,3
2,20200318,3
2,20200319,3
2,20200320,3
2,20200321,0
2,20200322,0
2,20200323,3
2,20200324,3
2,20200325,3
2,20200326,3
2,20200327,3
2,20200328,0
2,20200329,0
2,20200330,3
2,20200331,3
2,20200401,3
2,20200402,3
2,20200403,3
2,20200404,0
2,20200405,0
2,20200406,3
2,20200407,3
2,20200408,3
2,20200409,3
2,20200410,3
2,20200411,0
2,20200412,0
2,20200413,3
2,20200414,3
2,20200415,3
2,20200416,3
2,20200417,3
2,20200418,0
2,20200419,0
2,20200420,3
2,20200421,3
2,20200422,3
2,20200423,3
2,20200424,3
2,20200425,0
2,20200426,0
2,20200427,3
2,20200428,3
2,20200429,3
2,20200430,3
2,20200501,3
2,20200502,0
2,20200503,0
2,20200504,3
2,20200505,3
2,20200506,3
2,20200507,3
2,20200508,3
2,20200509,0
2,20200510,0
2,20200511,3
2,20200512,3
2,20200513,3
2,20200514,3
2,20200515,3
2,20200516,0
2,20200517,0
2,20200518,3
2,20200519,3
2,20200520,3
2,20200521,3
2,20200522,3
2,20200523,0
2,20200524,0
2,20200525,3
2,20200526,3
2,20200527,3
2,20200528,3
2,20200529,3
2,20200530,0
2,20200531,0
2,20200601,3
2,20200602,3
2,20200603,3
2,20200604,3
2,20200605,3
2,20200606,0
2,20200607,0
2,20200608,3
2,20200609,3
2,20200610,3
2,20200611,3
2,20200612,3
2,20200613,0
2,20200614,0
2,20200615,3
2,20200616,3
2,20200617,3
2,20200618,3
2,20200619,3
2,20200620,0
2,20200621,0
2,20200622,3
2,20200623,3
2,20200624,3
2,20200625,3
2,20200626,3
2,20200627,0
2,20200628,0
2,20200629,3
2,20200630,3
2,20200701,3
2,20200702,3
2,20200703,3
2,20200704,0
2,20200705,0
2,20200706,3
2,20200707,3
2,20200708,3
2,20200709,3
2,20200710,3
2,20200711,0
2,20200712,0
2,20200713,3
2,20200714,3
2,20200715,3
2,20200716,3
2,20200717,3
2,20200718,0
2,20200719,0
2,20200720,3
2,20200721,3
2,20200722,3
2,20200723,3
2,20200724,3
2,20200725,0
2,20200726,0
2,20200727,3
2,20200728,3
2,20200729,3
2,20200730,3
2,20200731,0
2,20200801,0
2,20200802,0
2,20200803,3
2,20200804,3
2,20200805,3
2,20200806,3
2,20200807,3
2,20200808,0
2,20200809,0
2,20200810,3
2,20200811,3
2,20200812,3
2,20200813,3
2,20200814,3
2,20200815,0
2,20200816,0
2,20200817,3
2,20200818,3
2,20200819,3
2,20200820,3
2,20200821,3
2,20200822,0
2,20200823,0
2,20200824,3
2,20200825,3
2,20200826,3
2,20200827,3
2,20200828,3
2,20200829,0
2,20200830,0
2,20200831,3
2,20200901,3
2,20200902,3
2,20200903,3
2,20200904,3
2,20200905,0
2,20200906,0
2,20200907,3
2,20200908,3
2,20200909,3
2,20200910,3
2,20200911,3
2,20200912,0
2,20200913,0
2,20200914,3
2,20200915,3
2,20200916,3
2,20200917,3
2,20200918,3
2,20200919,0
2,20200920,0
2,20200921,3
2,20200922,3
2,20200923,3
2,20200924,3
2,20200925,3
2,20200926,0
2,20200927,0
2,20200928,3
2,20200929,3
2,20200930,3
3,20200201,0
3,20200202,0
3,20200203,0
3,20200204,0
3,20200205,0
3,20200206,0
3,20200207,0
3,20200208,0
3,20200209,0
3,20200210,0
3,20200211,0
3,20200212,0
3,20200213,0
3,20200214,0
3,20200215,0
3,20200216,0
3,20200217,0
3,20200218,0
3,20200219,0
3,20200220,0
3,20200221,0
3,20200222,0
3,20200223,0
3,20200224,0
3,20200225,0
3,20200226,0
3,20200227,0
3,20200228,0
3,20200229,0
3,20200301,0
3,20200302,0
3,20200303,0
3,20200304,0
3,20200305,0
3,20200306,0
3,20200307,0
3,20200308,0
3,20200309,0
3,20200310,0
3,20200311,0
3,20200312,0
3,20200313,0
3,20200314,0
3,20200315,0
3,20200316,0
3,20200317,0
3,20200318,0
3,20200319,0
3,20200320,0
3,20200321,0
3,20200322,0
3,20200323,0
3,20200324,0
3,20200325,0
3,20200326,0
3,20200327,0
3,20200328,0
3,20200329,0
3,20200330,0
3,20200331,0
3,20200401,0
3,20200402,0
3,20200403,0
3,20200404,0
3,20200405,0
3,20200406,0
3,20200407,0
3,20200408,0
3,20200409,0
3,20200410,0
3,20200411,0
3,20200412,0
3,20200413,0
3,20200414,0
3,20200415,0
3,20200416,0
3,20200417,0
3,20200418,0
3,20200419,0
3,20200420,0
3,20200421,0
3,20200422,0
3,20200423,0
3,20200424,0
3,20200425,0
3,20200426,0
3,20200427,0
3,20200428,0
3,20200429,0
3,20200430,0
3,20200501,0
3,20200502,0
3,20200503,0
3,20200504,0
3,20200505,0
3,20200506,0
3,20200507,0
3,20200508,0
3,20200509,0
3,20200510,0
3,20200511,0
3,20200512,0
3,20200513,0
3,20200514,0
3,20200515,0
3,20200516,0
3,20200517,0
3,20200518,0
3,20200519,0
3,20200520,0
3,20200521,0
3,20200522,0
3,20200523,0
3,20200524,0
3,20200525,0
3,20200526,0
3,20200527,0
3,20200528,0
3,20200529,0
3,20200530,0
3,20200531,0
3,20200601,0
3,20200602,0
3,20200603,0
3,20200604,0
3,20200605,0
3,20200606,0
3,20200607,0
3,20200608,0
3,20200609,0
3,20200610,0
3,20200611,0
3,20200612,0
3,20200613,0
3,20200614,0
3,20200615,0
3,20200616,0
3,20200617,0
3,20200618,0
3,20200619,0
3,20200620,0
3,20200621,0
3,20200622,0
3,20200623,0
3,20200624,0
3,20200625,0
3,20200626,0
3,20200627,0
3,20200628,0
3,20200629,0
3,20200630,0
3,20200701,0
3,20200702,0
3,20200703,0
3,20200704,0
3,20200705,0
3,20200706,0
3,20200707,0
3,20200708,0
3,20200709,0
3,20200710,0
3,20200711,0
3,20200712,0
3,20200713,0
3,20200714,0
3,20200715,0
3,20200716,0
3,20200717,0
3,20200718,0
3,20200719,0
3,20200720,0
3,20200721,0
3,20200722,0
3,20200723,0
3,20200724,0
3,20200725,0
3,20200726,0
3,20200727,0
3,20200728,0
3,20200729,0
3,20200730,0
3,20200731,0
3,20200801,0
3,20200802,0
3,20200803,0
3,20200804,0
3,20200805,0
3,20200806,0
3,20200807,0
3,20200808,0
3,20200809,0
3,20200810,0
3,20200811,0
3,20200812,0
3,20200813,0
3,20200814,0
3,20200815,0
3,20200816,0
3,20200817,0
3,20200818,0
3,20200819,0
3,20200820,0
3,20200821,0
3,20200822,0
3,20200823,0
3,20200824,0
3,20200825,0
3,20200826,0
3,20200827,0
3,20200828,0
3,20200829,0
3,20200830,0
3,20200831,0
3,20200901,0
3,20200902,0
3,20200903,0
3,20200904,0
3,20200905,0
3,20200906,0
3,20200907,0
3,20200908,0
3,20200909,0
3,20200910,0
3,20200911,0
3,20200912,0
3,20200913,0
3,20200914,0
3,20200915,0
3,20200916,0
3,20200917,0
3,20200918,0
3,20200919,0
3,20200920,0
3,20200921,0
3,20200922,0
3,20200923,0
3,20200924,0
3,20200925,0
3,20200926,0
3,20200927,0
3,20200928,0
3,20200929,0
3,20200930,0
4,20200201,0
4,20200202,0
4,20200203,0
4,20200204,0
4,20200205,0
4,20200206,0
4,20200207,0
4,20200208,0
4,20200209,0
4,20200210,0
4,20200211,0
4,20200212,0
4,20200213,0
4,20200214,0
4,20200215,0
4,20200216,0
4,20200217,0
4,20200218,0
4,20200219,0
4,20200220,0
4,20200221,0
4,20200222,0
4,20200223,0
4,20200224,0
4,20200225,0
4,20200226,0
4,20200227,0
4,20200228,0
4,20200229,0
4,20200301,0
4,20200302,0
4,20200303,0
4,20200304,0
4,20200305,0
4,20200306,0
4,20200307,0
4,20200308,0
4,20200309,0
4,20200310,0
4,20200311,0
4,20200312,0
4,20200313,0
4,20200314,0
4,20200315,0
4,20200316,0
4,20200317,0
4,20200318,0
4,20200319,0
4,20200320,0
4,20200321,0
4,20200322,0
4,20200323,0
4,20200324,0
4,20200325,0
4,20200326,0
4,20200327,0
4,20200328,0
4,20200329,0
4,20200330,0
4,20200331,0
4,20200401,0
4,20200402,0
4,20200403,0
4,20200404,0
4,20200405,0
4,20200406,0
4,20200407,0
4,20200408,0
4,20200409,0
4,20200410,0
4,20200411,0
4,20200412,0
4,20200413,0
4,20200414,0
4,20200415,0
4,20200416,0
4,20200417,0
4,20200418,0
4,20200419,0
4,20200420,0
4,20200421,0
4,20200422,0
4,20200423,0
4,20200424,0
4,20200425,0
4,20200426,0
4,20200427,0
4,20200428,0
4,20200429,0
4,20200430,0
4,20200501,0
4,20200502,0
4,20200503,0
4,20200504,0
4,20200505,0
4,20200506,0
4,20200507,0
4,20200508,0
4,20200509,0
4,20200510,0
4,20200511,0
4,20200512,0
4,20200513,0
4,20200514,0
4,20200515,0
4,20200516,0
4,20200517,0
4,20200518,0
4,20200519,0
4,20200520,0
4,20200521,0
4,20200522,0
4,20200523,0
4,20200524,0
4,20200525,0
4,20200526,0
4,20200527,0
4,20200528,0
4,20200529,0
4,20200530,0
4,20200531,0
4,20200601,0
4,20200602,0
4,20200603,0
4,20200604,0
4,20200605,0
4,20200606,0
4,20200607,0
4,20200608,0
4,20200609,0
4,20200610,0
4,20200611,0
4,20200612,0
4,20200613,0
4,20200614,0
4,20200615,0
4,20200616,0
4,20200617,0
4,20200618,0
4,20200619,0
4,20200620,0
4,20200621,0
4,20200622,0
4,20200623,0
4,20200624,0
4,20200625,0
4,20200626,0
4,20200627,0
4,20200628,0
4,20200629,0
4,20200630,0
4,20200701,0
4,20200702,0
4,20200703,0
4,20200704,0
4,20200705,0
4,20200706,0
4,20200707,0
4,20200708,0
4,20200709,0
4,20200710,0
4,20200711,0
4,20200712,0
4,20200713,0
4,20200714,0
4,20200715,0
4,20200716,0
4,20200717,0
4,20200718,0
4,20200719,0
4,20200720,0
4,20200721,0
4,20200722,0
4,20200723,0
4,20200724,0
4,20200725,0
4,20200726,0
4,20200727,0
4,20200728,0
4,20200729,0
4,20200730,0
4,20200731,0
4,20200801,0
4,20200802,0
4,20200803,0
4,20200804,0
4,20200805,0
4,20200806,0
4,20200807,0
4,20200808,0
4,20200809,0
4,20200810,0
4,20200811,0
4,20200812,0
4,20200813,0
4,20200814,0
4,20200815,0
4,20200816,0
4,20200817,0
4,20200818,0
4,20200819,0
4,20200820,0
4,20200821,0
4,20200822,0
4,20200823,0
4,20200824,0
4,20200825,0
4,20200826,0
4,20200827,0
4,20200828,0
4,20200829,0
4,20200830,0
4,20200831,0
4,20200901,0
4,20200902,0
4,20200903,0
4,20200904,0
4,20200905,0
4,20200906,0
4,20200907,0
4,20200908,0
4,20200909,0
4,20200910,0
4,20200911,0
4,20200912,0
4,20200913,0
4,20200914,0
4,20200915,0
4,20200916,0
4,20200917,0
4,20200918,0
4,20200919,0
4,20200920,0
4,20200921,0
4,20200922,0
4,20200923,0
4,20200924,0
4,20200925,0
4,20200926,0
4,20200927,0
4,20200928,0
4,20200929,0
4,20200930,0
5,20200201,0
5,20200202,0
5,20200203,0
5,20200204,0
5,20200205,0
5,20200206,0
5,20200207,0
5,20200208,0
5,20200209,0
5,20200210,0
5,20200211,0
5,20200212,0
5,20200213,0
5,20200214,0
5,20200215,0
5,20200216,0
5,20200217,0
5,20200218,0
5,20200219,0
5,20200220,0
5,20200221,0
5,20200222,0
5,20200223,0
5,20200224,0
5,20200225,0
5,20200226,0
5,20200227,0
5,20200228,0
5,20200229,0
5,20200301,0
5,20200302,0
5,20200303,0
5,20200304,0
5,20200305,0
5,20200306,0
5,20200307,0
5,20200308,0
5,20200309,0
5,20200310,0
5,20200311,0
5,20200312,0
5,20200313,0
5,20200314,0
5,20200315,0
5,20200316,0
5,20200317,0
5,20200318,0
5,20200319,0
5,20200320,0
5,20200321,0
5,20200322,0
5,20200323,0
5,20200324,0
5,20200325,0
5,20200326,0
5,20200327,0
5,20200328,0
5,20200329,0
5,20200330,0
5,20200331,0
5,20200401,0
5,20200402,0
5,20200403,0
5,20200404,0
5,20200405,0
5,20200406,0
5,20200407,0
5,20200408,0
5,20200409,0
5,20200410,0
5,20200411,0
5,20200412,0
5,20200413,0
5,20200414,0
5,20200415,0
5,20200416,0
5,20200417,0
5,20200418,0
5,20200419,0
5,20200420,0
5,20200421,0
5,20200422,0
5,20200423,0
5,20200424,0
5,20200425,0
5,20200426,0
5,20200427,0
5,20200428,0
5,20200429,0
5,20200430,0
5,20200501,0
5,20200502,0
5,20200503,0
5,20200504,0
5,20200505,0
5,20200506,0
5,20200507,0
5,20200508,0
5,20200509,0
5,20200510,0
5,20200511,0
5,20200512,0
5,20200513,0
5,20200514,0
5,20200515,0
5,20200516,0
5,20200517,0
5,20200518,0
5,20200519,0
5,20200520,0
5,20200521,0
5,20200522,0
5,20200523,0
5,20200524,0
5,20200525,0
5,20200526,0
5,20200527,0
5,20200528,0
5,20200529,0
5,20200530,0
5,20200531,0
5,20200601,0
5,20200602,0
5,20200603,0
5,20200604,0
5,20200605,0
5,20200606,0
5,20200607,0
5,20200608,0
5,20200609,0
5,20200610,0
5,20200611,0
5,20200612,0
5,20200613,0
5,20200614,0
5,20200615,0
5,20200616,0
5,20200617,0
5,20200618,0
5,20200619,0
5,20200620,0
5,20200621,0
5,20200622,0
5,20200623,0
5,20200624,0
5,20200625,0
5,20200626,0
5,20200627,0
5,20200628,0
5,20200629,0
5,20200630,0
5,20200701,0
5,20200702,0
5,20200703,0
5,20200704,0
5,20200705,0
5,20200706,0
5,20200707,0
5,20200708,0
5,20200709,0
5,20200710,0
5,20200711,0
5,20200712,0
5,20200713,0
5,20200714,0
5,20200715,0
5,20200716,0
5,20200717,0
5,20200718,0
5,20200719,0
5,20200720,0
5,20200721,0
5,20200722,0
5,20200723,0
5,20200724,0
5,20200725,0
5,20200726,0
5,20200727,0
5,20200728,0
5,20200729,0
5,20200730,0
5,20200731,0
5,20200801,0
5,20200802,0
5,20200803,0
5,20200804,0
5,20200805,0
5,20200806,0
5,20200807,0
5,20200808,0
5,20200809,0
5,20200810,0
5,20200811,0
5,20200812,0
5,20200813,0
5,20200814,0
5,20200815,0
5,20200816,0
5,20200817,0
5,20200818,0
5,20200819,0
5,20200820,0
5,20200821,0
5,20200822,0
5,20200823,0
5,20200824,0
5,20200825,0
5,20200826,0
5,20200827,0
5,20200828,0
5,20200829,0
5,20200830,0
5,20200831,0
5,20200901,0
5,20200902,0
5,20200903,0
5,20200904,0
5,20200905,0
5,20200906,0
5,20200907,0
5,20200908,0
5,20200909,0
5,20200910,0
5,20200911,0
5,20200912,0
5,20200913,0
5,20200914,0
5,20200915,0
5,20200916,0
5,20200917,0
5,20200918,0
5,20200919,0
5,20200920,0
5,20200921,0
5,20200922,0
5,20200923,0
5,20200924,0
5,20200925,0
5,20200926,0
5,20200927,0
5,20200928,0
5,20200929,0
5,20200930,0
6,20200201,0
6,20200202,0
6,20200203,0
6,20200204,0
6,20200205,0
6,20200206,0
6,20200207,0
6,20200208,0
6,20200209,0
6,20200210,0
6,20200211,0
6,20200212,0
6,20200213,0
6,20200214,0
6,20200215,0
6,20200216,0
6,20200217,0
6,20200218,0
6,20200219,0
6,20200220,0
6,20200221,0
6,20200222,0
6,20200223,0
6,20200224,0
6,20200225,0
6,20200226,0
6,20200227,0
6,20200228,0
6,20200229,0
6,20200301,0
6,20200302,0
6,20200303,0
6,20200304,0
6,20200305,0
6,20200306,0
6,20200307,0
6,20200308,0
6,20200309,0
6,20200310,0
6,20200311,0
6,20200312,0
6,20200313,0
6,20200314,0
6,20200315,0
6,20200316,0
6,20200317,0
6,20200318,0
6,20200319,0
6,20200320,0
6,20200321,0
6,20200322,0
6,20200323,0
6,20200324,0
6,20200325,0
6,20200326,0
6,20200327,0
6,20200328,0
6,20200329,0
6,20200330,0
6,20200331,0
6,20200401,0
6,20200402,0
6,20200403,0
6,20200404,0
6,20200405,0
6,20200406,0
6,20200407,0
6,20200408,0
6,20200409,0
6,20200410,0
6,20200411,0
6,20200412,0
6,20200413,0
6,20200414,0
6,20200415,0
6,20200416,0
6,20200417,0
6,20200418,0
6,20200419,0
6,20200420,0
6,20200421,0
6,20200422,0
6,20200423,0
6,20200424,0
6,20200425,0
6,20200426,0
6,20200427,0
6,20200428,0
6,20200429,0
6,20200430,0
6,20200501,0
6,20200502,0
6,20200503,0
6,20200504,0
6,20200505,0
6,20200506,0
6,20200507,0
6,20200508,0
6,20200509,0
6,20200510,0
6,20200511,0
6,20200512,0
6,20200513,0
6,20200514,0
6,20200515,0
6,20200516,0
6,20200517,0
6,20200518,0
6,20200519,0
6,20200520,0
6,20200521,0
6,20200522,0
6,20200523,0
6,20200524,0
6,20200525,0
6,20200526,0
6,20200527,0
6,20200528,0
6,20200529,0
6,20200530,0
6,20200531,0
6,20200601,0
6,20200602,0
6,20200603,0
6,20200604,0
6,20200605,0
6,20200606,0
6,20200607,0
6,20200608,0
6,20200609,0
6,20200610,0
6,20200611,0
6,20200612,0
6,20200613,0
6,20200614,0
6,20200615,0
6,20200616,0
6,20200617,0
6,20200618,0
6,20200619,0
6,20200620,0
6,20200621,0
6,20200622,0
6,20200623,0
6,20200624,0
6,20200625,0
6,20200626,0
6,20200627,0
6,20200628,0
6,20200629,0
6,20200630,0
6,20200701,0
6,20200702,0
6,20200703,0
6,20200704,0
6,20200705,0
6,20200706,0
6,20200707,0
6,20200708,0
6,20200709,0
6,20200710,0
6,20200711,0
6,20200712,0
6,20200713,0
6,20200714,0
6,20200715,0
6,20200716,0
6,20200717,0
6,20200718,0
6,20200719,0
6,20200720,0
6,20200721,0
6,20200722,0
6,20200723,0
6,20200724,0
6,20200725,0
6,20200726,0
6,20200727,0
6,20200728,0
6,20200729,0
6,20200730,0
6,20200731,0
6,20200801,0
6,20200802,0
6,20200803,0
6,20200804,0
6,20200805,0
6,20200806,0
6,20200807,0
6,20200808,0
6,20200809,0
6,20200810,0
6,20200811,0
6,20200812,0
6,20200813,0
6,20200814,0
6,20200815,0
6,20200816,0
6,20200817,0
6,20200818,0
6,20200819,0
6,20200820,0
6,20200821,0
6,20200822,0
6,20200823,0
6,20200824,0
6,20200825,0
6,20200826,0
6,20200827,0
6,20200828,0
6,20200829,0
6,20200830,0
6,20200831,0
6,20200901,0
6,20200902,0
6,20200903,0
6,20200904,0
6,20200905,0
6,20200906,0
6,20200907,0
6,20200908,0
6,20200909,0
6,20200910,0
6,20200911,0
6,20200912,0
6,20200913,0
6,20200914,0
6,20200915,0
6,20200916,0
6,20200917,0
6,20200918,0
6,20200919,0
6,20200920,0
6,20200921,0
6,20200922,0
6,20200923,0
6,20200924,0
6,20200925,0
6,20200926,0
6,20200927,0
6,20200928,0
6,20200929,0
6,20200930,0
7,20200201,0
7,20200202,0
7,20200203,0
7,20200204,0
7,20200205,0
7,20200206,0
7,20200207,0
7,20200208,0
7,20200209,0
7,20200210,0
7,20200211,0
7,20200212,0
7,20200213,0
7,20200214,0
7,20200215,0
7,20200216,0
7,20200217,0
7,20200218,0
7,20200219,0
7,20200220,0
7,20200221,0
7,20200222,0
7,20200223,0
7,20200224,0
7,20200225,0
7,20200226,0
7,20200227,0
7,20200228,0
7,20200229,0
7,20200301,0
7,20200302,0
7,20200303,0
7,20200304,0
7,20200305,0
7,20200306,0
7,20200307,0
7,20200308,0
7,20200309,0
7,20200310,0
7,20200311,0
7,20200312,0
7,20200313,0
7,20200314,0
7,20200315,0
7,20200316,0
7,20200317,0
7,20200318,0
7,20200319,0
7,20200320,0
7,20200321,0
7,20200322,0
7,20200323,0
7,20200324,0
7,20200325,0
7,20200326,0
7,20200327,0
7,20200328,0
7,20200329,0
7,20200330,0
7,20200331,0
7,20200401,0
7,20200402,0
7,20200403,0
7,20200404,0
7,20200405,0
7,20200406,0
7,20200407,0
7,20200408,0
7,20200409,0
7,20200410,0
7,20200411,0
7,20200412,0
7,20200413,0
7,20200414,0
7,20200415,0
7,20200416,0
7,20200417,0
7,20200418,0
7,20200419,0
7,20200420,0
7,20200421,0
7,20200422,0
7,20200423,0
7,20200424,0
7,20200425,0
7,20200426,0
7,20200427,0
7,20200428,0
7,20200429,0
7,20200430,0
7,20200501,0
7,20200502,0
7,20200503,0
7,20200504,0
7,20200505,0
7,20200506,0
7,20200507,0
7,20200508,0
7,20200509,0
7,20200510,0
7,20200511,0
7,20200512,0
7,20200513,0
7,20200514,0
7,20200515,0
7,20200516,0
7,20200517,0
7,20200518,0
7,20200519,0
7,20200520,0
7,20200521,0
7,20200522,0
7,20200523,0
7,20200524,0
7,20200525,0
7,20200526,0
7,20200527,0
7,20200528,0
7,20200529,0
7,20200530,0
7,20200531,0
7,20200601,0
7,20200602,0
7,20200603,0
7,20200604,0
7,20200605,0
7,20200606,0
7,20200607,0
7,20200608,0
7,20200609,0
7,20200610,0
7,20200611,0
7,20200612,0
7,20200613,0
7,20200614,0
7,20200615,0
7,20200616,0
7,20200617,0
7,20200618,0
7,20200619,0
7,20200620,0
7,20200621,0
7,20200622,0
7,20200623,0
7,20200624,0
7,20200625,0
7,20200626,0
7,20200627,0
7,20200628,0
7,20200629,0
7,20200630,0
7,20200701,0
7,20200702,0
7,20200703,0
7,20200704,0
7,20200705,0
7,20200706,0
7,20200707,0
7,20200708,0
7,20200709,0
7,20200710,0
7,20200711,0
7,20200712,0
7,20200713,0
7,20200714,0
7,20200715,0
7,20200716,0
7,20200717,0
7,20200718,0
7,20200719,0
7,20200720,0
7,20200721,0
7,20200722,0
7,20200723,0
7,20200724,0
7,20200725,0
7,20200726,0
7,20200727,0
7,20200728,0
7,20200729,0
7,20200730,0
7,20200731,0
7,20200801,0
7,20200802,0
7,20200803,0
7,20200804,0
7,20200805,0
7,20200806,0
7,20200807,0
7,20200808,0
7,20200809,0
7,20200810,0
7,20200811,0
7,20200812,0
7,20200813,0
7,20200814,0
7,20200815,0
7,20200816,0
7,20200817,0
7,20200818,0
7,20200819,0
7,20200820,0
7,20200821,0
7,20200822,0
7,20200823,0
7,20200824,0
7,20200825,0
7,20200826,0
7,20200827,0
7,20200828,0
7,20200829,0
7,20200830,0
7,20200831,0
7,20200901,0
7,20200902,0
7,20200903,0
7,20200904,0
7,20200905,0
7,20200906,0
7,20200907,0
7,20200908,0
7,20200909,0
7,20200910,0
7,20200911,0
7,20200912,0
7,20200913,0
7,20200914,0
7,20200915,0
7,20200916,0
7,20200917,0
7,20200918,0
7,20200919,0
7,20200920,0
7,20200921,0
7,20200922,0
7,20200923,0
7,20200924,0
7,20200925,0
7,20200926,0
7,20200927,0
7,20200928,0
7,20200929,0
7,20200930,0
8,20200201,0
8,20200202,0
8,20200203,0
8,20200204,0
8,20200205,0
8,20200206,0
8,20200207,0
8,20200208,0
8,20200209,0
8,20200210,0
8,20200211,0
8,20200212,0
8,20200213,0
8,20200214,0
8,20200215,0
8,20200216,0
8,20200217,0
8,20200218,0
8,20200219,0
8,20200220,0
8,20200221,0
8,20200222,0
8,20200223,0
8,20200224,0
8,20200225,0
8,20200226,0
8,20200227,0
8,20200228,0
8,20200229,0
8,20200301,0
8,20200302,0
8,20200303,0
8,20200304,0
8,20200305,0
8,20200306,0
8,20200307,0
8,20200308,0
8,20200309,0
8,20200310,0
8,20200311,0
8,20200312,0
8,20200313,0
8,20200314,0
8,20200315,0
8,20200316,0
8,20200317,0
8,20200318,0
8,20200319,0
8,20200320,0
8,20200321,0
8,20200322,0
8,20200323,0
8,20200324,0
8,20200325,0
8,20200326,0
8,20200327,0
8,20200328,0
8,20200329,0
8,20200330,0
8,20200331,0
8,20200401,0
8,20200402,0
8,20200403,0
8,20200404,0
8,20200405,0
8,20200406,0
8,20200407,0
8,20200408,0
8,20200409,0
8,20200410,0
8,20200411,0
8,20200412,0
8,20200413,0
8,20200414,0
8,20200415,0
8,20200416,0
8,20200417,0
8,20200418,0
8,20200419,0
8,20200420,0
8,20200421,0
8,20200422,0
8,20200423,0
8,20200424,0
8,20200425,0
8,20200426,0
8,20200427,0
8,20200428,0
8,20200429,0
8,20200430,0
8,20200501,0
8,20200502,0
8,20200503,0
8,20200504,0
8,20200505,0
8,20200506,0
8,20200507,0
8,20200508,0
8,20200509,0
8,20200510,0
8,20200511,0
8,20200512,0
8,20200513,0
8,20200514,0
8,20200515,0
8,20200516,0
8,20200517,0
8,20200518,0
8,20200519,0
8,20200520,0
8,20200521,0
8,20200522,0
8,20200523,0
8,20200524,0
8,20200525,0
8,20200526,0
8,20200527,0
8,20200528,0
8,20200529,0
8,20200530,0
8,20200531,0
8,20200601,0
8,20200602,0
8,20200603,0
8,20200604,0
8,20200605,0
8,20200606,0
8,20200607,0
8,20200608,0
8,20200609,0
8,20200610,0
8,20200611,0
8,20200612,0
8,20200613,0
8,20200614,0
8,20200615,0
8,20200616,0
8,20200617,0
8,20200618,0
8,20200619,0
8,20200620,0
8,20200621,0
8,20200622,0
8,20200623,0
8,20200624,0
8,20200625,0
8,20200626,0
8,20200627,0
8,20200628,0
8,20200629,0
8,20200630,0
8,20200701,0
8,20200702,0
8,20200703,0
8,20200704,0
8,20200705,0
8,20200706,0
8,20200707,0
8,20200708,0
8,20200709,0
8,20200710,0
8,20200711,0
8,20200712,0
8,20200713,0
8,20200714,0
8,20200715,0
8,20200716,0
8,20200717,0
8,20200718,0
8,20200719,0
8,20200720,0
8,20200721,0
8,20200722,0
8,20200723,0
8,20200724,0
8,20200725,0
8,20200726,0
8,20200727,0
8,20200728,0
8,20200729,0
8,20200730,0
8,20200731,0
8,20200801,0
8,20200802,0
8,20200803,0
8,20200804,0
8,20200805,0
8,20200806,0
8,20200807,0
8,20200808,0
8,20200809,0
8,20200810,0
8,20200811,0
8,20200812,0
8,20200813,0
8,20200814,0
8,20200815,0
8,20200816,0
8,20200817,0
8,20200818,0
8,20200819,0
8,20200820,0
8,20200821,0
8,20200822,0
8,20200823,0
8,20200824,0
8,20200825,0
8,20200826,0
8,20200827,0
8,20200828,0
8,20200829,0
8,20200830,0
8,20200831,0
8,20200901,0
8,20200902,0
8,20200903,0
8,20200904,0
8,20200905,0
8,20200906,0
8,20200907,0
8,20200908,0
8,20200909,0
8,20200910,0
8,20200911,0
8,20200912,0
8,20200913,0
8,20200914,0
8,20200915,0
8,20200916,0
8,20200917,0
8,20200918,0
8,20200919,0
8,20200920,0
8,20200921,0
8,20200922,0
8,20200923,0
8,20200924,0
8,20200925,0
8,20200926,0
8,20200927,0
8,20200928,0
8,20200929,0
8,20200930,0
9,20200201,0
9,20200202,0
9,20200203,0
9,20200204,0
9,20200205,0
9,20200206,0
9,20200207,0
9,20200208,0
9,20200209,0
9,20200210,0
9,20200211,0
9,20200212,0
9,20200213,0
9,20200214,0
9,20200215,0
9,20200216,0
9,20200217,0
9,20200218,0
9,20200219,0
9,20200220,0
9,20200221,0
9,20200222,0
9,20200223,0
9,20200224,0
9,20200225,0
9,20200226,0
9,20200227,0
9,20200228,0
9,20200229,0
9,20200301,0
9,20200302,0
9,20200303,0
9,20200304,0
9,20200305,0
9,20200306,0
9,20200307,0
9,20200308,0
9,20200309,0
9,20200310,0
9,20200311,0
9,20200312,0
9,20200313,0
9,20200314,0
9,20200315,0
9,20200316,0
9,20200317,0
9,20200318,0
9,20200319,0
9,20200320,0
9,20200321,0
9,20200322,0
9,20200323,0
9,20200324,0
9,20200325,0
9,20200326,0
9,20200327,0
9,20200328,0
9,20200329,0
9,20200330,0
9,20200331,0
9,20200401,0
9,20200402,0
9,20200403,0
9,20200404,0
9,20200405,0
9,20200406,0
9,20200407,0
9,20200408,0
9,20200409,0
9,20200410,0
9,20200411,0
9,20200412,0
9,20200413,0
9,20200414,0
9,20200415,0
9,20200416,0
9,20200417,0
9,20200418,0
9,20200419,0
9,20200420,0
9,20200421,0
9,20200422,0
9,20200423,0
9,20200424,0
9,20200425,0
9,20200426,0
9,20200427,0
9,20200428,0
9,20200429,0
9,20200430,0
9,20200501,0
9,20200502,0
9,20200503,0
9,20200504,0
9,20200505,0
9,20200506,0
9,20200507,0
9,20200508,0
9,20200509,0
9,20200510,0
9,20200511,0
9,20200512,0
9,20200513,0
9,20200514,0
9,20200515,0
9,20200516,0
9,20200517,0
9,20200518,0
9,20200519,0
9,20200520,0
9,20200521,0
9,20200522,0
9,20200523,0
9,20200524,0
9,20200525,0
9,20200526,0
9,20200527,0
9,20200528,0
9,20200529,0
9,20200530,0
9,20200531,0
9,20200601,0
9,20200602,0
9,20200603,0
9,20200604,0
9,20200605,0
9,20200606,0
9,20200607,0
9,20200608,0
9,20200609,0
9,20200610,0
9,20200611,0
9,20200612,0
9,20200613,0
9,20200614,0
9,20200615,0
9,20200616,0
9,20200617,0
9,20200618,0
9,20200619,0
9,20200620,0
9,20200621,0
9,20200622,0
9,20200623,0
9,20200624,0
9,20200625,0
9,20200626,0
9,20200627,0
9,20200628,0
9,20200629,0
9,20200630,0
9,20200701,0
9,20200702,0
9,20200703,0
9,20200704,0
9,20200705,0
9,20200706,0
9,20200707,0
9,20200708,0
9,20200709,0
9,20200710,0
9,20200711,0
9,20200712,0
9,20200713,0
9,20200714,0
9,20200715,0
9,20200716,0
9,20200717,0
9,20200718,0
9,20200719,0
9,20200720,0
9,20200721,0
9,20200722,0
9,20200723,0
9,20200724,0
9,20200725,0
9,20200726,0
9,20200727,0
9,20200728,0
9,20200729,0
9,20200730,0
9,20200731,0
9,20200801,0
9,20200802,0
9,20200803,0
9,20200804,0
9,20200805,0
9,20200806,0
9,20200807,0
9,20200808,0
9,20200809,0
9,20200810,0
9,20200811,0
9,20200812,0
9,20200813,0
9,20200814,0
9,20200815,0
9,20200816,0
9,20200817,0
9,20200818,0
9,20200819,0
9,20200820,0
9,20200821,0
9,20200822,0
9,20200823,0
9,20200824,0
9,20200825,0
9,20200826,0
9,20200827,0
9,20200828,0
9,20200829,0
9,20200830,0
9,20200831,0
9,20200901,0
9,20200902,0
9,20200903,0
9,20200904,0
9,20200905,0
9,20200906,0
9,20200907,0
9,20200908,0
9,20200909,0
9,20200910,0
9,20200911,0
9,20200912,0
9,20200913,0
9,20200914,0
9,20200915,0
9,20200916,0
9,20200917,0
9,20200918,0
9,20200919,0
9,20200920,0
9,20200921,0
9,20200922,0
9,20200923,0
9,20200924,0
9,20200925,0
9,20200926,0
9,20200927,0
9,20200928,0
9,20200929,0
9,20200930,0
10,20200201,0
10,20200202,0
10,20200203,0
10,20200204,0
10,20200205,0
10,20200206,0
10,20200207,0
10,20200208,0
10,20200209,0
10,20200210,0
10,20200211,0
10,20200212,0
10,20200213,0
10,20200214,0
10,20200215,0
10,20200216,0
10,20200217,0
10,20200218,0
10,20200219,0
10,20200220,0
10,20200221,0
10,20200222,0
10,20200223,0
10,20200224,0
10,20200225,0
10,20200226,0
10,20200227,0
10,20200228,0
10,20200229,0
10,20200301,0
10,20200302,0
10,20200303,0
10,20200304,0
10,20200305,0
10,20200306,0
10,20200307,0
10,20200308,0
10,20200309,0
10,20200310,0
10,20200311,0
10,20200312,0
10,20200313,0
10,20200314,0
10,20200315,0
10,20200316,0
10,20200317,0
10,20200318,0
10,20200319,0
10,20200320,0
10,20200321,0
10,20200322,0
10,20200323,0
10,20200324,0
10,20200325,0
10,20200326,0
10,20200327,0
10,20200328,0
10,20200329,0
10,20200330,0
10,20200331,0
10,20200401,0
10,20200402,0
10,20200403,0
10,20200404,0
10,20200405,0
10,20200406,0
10,20200407,0
10,20200408,0
10,20200409,0
10,20200410,0
10,20200411,0
10,20200412,0
10,20200413,0
10,20200414,0
10,20200415,0
10,20200416,0
10,20200417,0
10,20200418,0
10,20200419,0
10,20200420,0
10,20200421,0
10,20200422,0
10,20200423,0
10,20200424,0
10,20200425,0
10,20200426,0
10,20200427,0
10,20200428,0
10,20200429,0
10,20200430,0
10,20200501,0
10,20200502,0
10,20200503,0
10,20200504,0
10,20200505,0
10,20200506,0
10,20200507,0
10,20200508,0
10,20200509,0
10,20200510,0
10,20200511,0
10,20200512,0
10,20200513,0
10,20200514,0
10,20200515,0
10,20200516,0
10,20200517,0
10,20200518,0
10,20200519,0
10,20200520,0
10,20200521,0
10,20200522,0
10,20200523,0
10,20200524,0
10,20200525,0
10,20200526,0
10,20200527,0
10,20200528,0
10,20200529,0
10,20200530,0
10,20200531,0
10,20200601,0
10,20200602,0
10,20200603,0
10,20200604,0
10,20200605,0
10,20200606,0
10,20200607,0
10,20200608,0
10,20200609,0
10,20200610,0
10,20200611,0
10,20200612,0
10,20200613,0
10,20200614,0
10,20200615,0
10,20200616,0
10,20200617,0
10,20200618,0
10,20200619,0
10,20200620,0
10,20200621,0
10,20200622,0
10,20200623,0
10,20200624,0
10,20200625,0
10,20200626,0
10,20200627,0
10,20200628,0
10,20200629,0
10,20200630,0
10,20200701,0
10,20200702,0
10,20200703,0
10,20200704,0
10,20200705,0
10,20200706,0
10,20200707,0
10,20200708,0
10,20200709,0
10,20200710,0
10,20200711,0
10,20200712,0
10,20200713,0
10,20200714,0
10,20200715,0
10,20200716,0
10,20200717,0
10,20200718,0
10,20200719,0
10,20200720,0
10,20200721,0
10,20200722,0
10,20200723,0
10,20200724,0
10,20200725,0
10,20200726,0
10,20200727,0
10,20200728,0
10,20200729,0
10,20200730,0
10,20200731,0
10,20200801,0
10,20200802,0
10,20200803,0
10,20200804,0
10,20200805,0
10,20200806,0
10,20200807,0
10,20200808,0
10,20200809,0
10,20200810,0
10,20200811,0
10,20200812,0
10,20200813,0
10,20200814,0
10,20200815,0
10,20200816,0
10,20200817,0
10,20200818,0
10,20200819,0
10,20200820,0
10,20200821,0
10,20200822,0
10,20200823,0
10,20200824,0
10,20200825,0
10,20200826,0
10,20200827,0
10,20200828,0
10,20200829,0
10,20200830,0
10,20200831,0
10,20200901,0
10,20200902,0
10,20200903,0
10,20200904,0
10,20200905,0
10,20200906,0
10,20200907,0
10,20200908,0
10,20200909,0
10,20200910,0
10,20200911,0
10,20200912,0
10,20200913,0
10,20200914,0
10,20200915,0
10,20200916,0
10,20200917,0
10,20200918,0
10,20200919,0
10,20200920,0
10,20200921,0
10,20200922,0
10,20200923,0
10,20200924,0
10,20200925,0
10,20200926,0
10,20200927,0
10,20200928,0
10,20200929,0
10,20200930,0
11,20200201,0
11,20200202,0
11,20200203,0
11,20200204,0
11,20200205,0
11,20200206,0
11,20200207,0
11,20200208,0
11,20200209,0
11,20200210,0
11,20200211,0
11,20200212,0
11,20200213,0
11,20200214,0
11,20200215,0
11,20200216,0
11,20200217,0
11,20200218,0
11,20200219,0
11,20200220,0
11,20200221,0
11,20200222,0
11,20200223,0
11,20200224,0
11,20200225,0
11,20200226,0
11,20200227,0
11,20200228,0
11,20200229,0
11,20200301,0
11,20200302,0
11,20200303,0
11,20200304,0
11,20200305,0
11,20200306,0
11,20200307,0
11,20200308,0
11,20200309,0
11,20200310,0
11,20200311,0
11,20200312,0
11,20200313,0
11,20200314,0
11,20200315,0
11,20200316,0
11,20200317,0
11,20200318,0
11,20200319,0
11,20200320,0
11,20200321,0
11,20200322,0
11,20200323,0
11,20200324,0
11,20200325,0
11,20200326,0
11,20200327,0
11,20200328,0
11,20200329,0
11,20200330,0
11,20200331,0
11,20200401,0
11,20200402,0
11,20200403,0
11,20200404,0
11,20200405,0
11,20200406,0
11,20200407,0
11,20200408,0
11,20200409,0
11,20200410,0
11,20200411,0
11,20200412,0
11,20200413,0
11,20200414,0
11,20200415,0
11,20200416,0
11,20200417,0
11,20200418,0
11,20200419,0
11,20200420,0
11,20200421,0
11,20200422,0
11,20200423,0
11,20200424,0
11,20200425,0
11,20200426,0
11,20200427,0
11,20200428,0
11,20200429,0
11,20200430,0
11,20200501,0
11,20200502,0
11,20200503,0
11,20200504,0
11,20200505,0
11,20200506,0
11,20200507,0
11,20200508,0
11,20200509,0
11,20200510,0
11,20200511,0
11,20200512,0
11,20200513,0
11,20200514,0
11,20200515,0
11,20200516,0
11,20200517,0
11,20200518,0
11,20200519,0
11,20200520,0
11,20200521,0
11,20200522,0
11,20200523,0
11,20200524,0
11,20200525,0
11,20200526,0
11,20200527,0
11,20200528,0
11,20200529,0
11,20200530,0
11,20200531,0
11,20200601,0
11,20200602,0
11,20200603,0
11,20200604,0
11,20200605,0
11,20200606,0
11,20200607,0
11,20200608,0
11,20200609,0
11,20200610,0
11,20200611,0
11,20200612,0
11,20200613,0
11,20200614,0
11,20200615,0
11,20200616,0
11,20200617,0
11,20200618,0
11,20200619,0
11,20200620,0
11,20200621,0
11,20200622,0
11,20200623,0
11,20200624,0
11,20200625,0
11,20200626,0
11,20200627,0
11,20200628,0
11,20200629,0
11,20200630,0
11,20200701,0
11,20200702,0
11,20200703,0
11,20200704,0
11,20200705,0
11,20200706,0
11,20200707,0
11,20200708,0
11,20200709,0
11,20200710,0
11,20200711,0
11,20200712,0
11,20200713,0
11,20200714,0
11,20200715,0
11,20200716,0
11,20200717,0
11,20200718,0
11,20200719,0
11,20200720,0
11,20200721,0
11,20200722,0
11,20200723,0
11,20200724,0
11,20200725,0
11,20200726,0
11,20200727,0
11,20200728,0
11,20200729,0
11,20200730,0
11,20200731,0
11,20200801,0
11,20200802,0
11,20200803,0
11,20200804,0
11,20200805,0
11,20200806,0
11,20200807,0
11,20200808,0
11,20200809,0
11,20200810,0
11,20200811,0
11,20200812,0
11,20200813,0
11,20200814,0
11,20200815,0
11,20200816,0
11,20200817,0
11,20200818,0
11,20200819,0
11,20200820,0
11,20200821,0
11,20200822,0
11,20200823,0
11,20200824,0
11,20200825,0
11,20200826,0
11,20200827,0
11,20200828,0
11,20200829,0
11,20200830,0
11,20200831,0
11,20200901,0
11,20200902,0
11,20200903,0
11,20200904,0
11,20200905,0
11,20200906,0
11,20200907,0
11,20200908,0
11,20200909,0
11,20200910,0
11,20200911,0
11,20200912,0
11,20200913,0
11,20200914,0
11,20200915,0
11,20200916,0
11,20200917,0
11,20200918,0
11,20200919,0
11,20200920,0
11,20200921,0
11,20200922,0
11,20200923,0
11,20200924,0
11,20200925,0
11,20200926,0
11,20200927,0
11,20200928,0
11,20200929,0
11,20200930,0
12,20200201,0
12,20200202,0
12,20200203,0
12,20200204,0
12,20200205,0
12,20200206,0
12,20200207,0
12,20200208,0
12,20200209,0
12,20200210,0
12,20200211,0
12,20200212,0
12,20200213,0
12,20200214,0
12,20200215,0
12,20200216,0
12,20200217,0
12,20200218,0
12,20200219,0
12,20200220,0
12,20200221,0
12,20200222,0
12,20200223,0
12,20200224,0
12,20200225,0
12,20200226,0
12,20200227,0
12,20200228,0
12,20200229,0
12,20200301,0
12,20200302,0
12,20200303,0
12,20200304,0
12,20200305,0
12,20200306,0
12,20200307,0
12,20200308,0
12,20200309,0
12,20200310,0
12,20200311,0
12,20200312,0
12,20200313,0
12,20200314,0
12,20200315,0
12,20200316,0
12,20200317,0
12,20200318,0
12,20200319,0
12,20200320,0
12,20200321,0
12,20200322,0
12,20200323,0
12,20200324,0
12,20200325,0
12,20200326,0
12,20200327,0
12,20200328,0
12,20200329,0
12,20200330,0
12,20200331,0
12,20200401,0
12,20200402,0
12,20200403,0
12,20200404,0
12,20200405,0
12,20200406,0
12,20200407,0
12,20200408,0
12,20200409,0
12,20200410,0
12,20200411,0
12,20200412,0
12,20200413,0
12,20200414,0
12,20200415,0
12,20200416,0
12,20200417,0
12,20200418,0
12,20200419,0
12,20200420,0
12,20200421,0
12,20200422,0
12,20200423,0
12,20200424,0
12,20200425,0
12,20200426,0
12,20200427,0
12,20200428,0
12,20200429,0
12,20200430,0
12,20200501,0
12,20200502,0
12,20200503,0
12,20200504,0
12,20200505,0
12,20200506,0
12,20200507,0
12,20200508,0
12,20200509,0
12,20200510,0
12,20200511,0
12,20200512,0
12,20200513,0
12,20200514,0
12,20200515,0
12,20200516,0
12,20200517,0
12,20200518,0
12,20200519,0
12,20200520,0
12,20200521,0
12,20200522,0
12,20200523,0
12,20200524,0
12,20200525,0
12,20200526,0
12,20200527,0
12,20200528,0
12,20200529,0
12,20200530,0
12,20200531,0
12,20200601,0
12,20200602,0
12,20200603,0
12,20200604,0
12,20200605,0
12,20200606,0
12,20200607,0
12,20200608,0
12,20200609,0
12,20200610,0
12,20200611,0
12,20200612,0
12,20200613,0
12,20200614,0
12,20200615,0
12,20200616,0
12,20200617,0
12,20200618,0
12,20200619,0
12,20200620,0
12,20200621,0
12,20200622,0
12,20200623,0
12,20200624,0
12,20200625,0
12,20200626,0
12,20200627,0
12,20200628,0
12,20200629,0
12,20200630,0
12,20200701,0
12,20200702,0
12,20200703,0
12,20200704,0
12,20200705,0
12,20200706,0
12,20200707,0
12,20200708,0
12,20200709,0
12,20200710,0
12,20200711,0
12,20200712,0
12,20200713,0
12,20200714,0
12,20200715,0
12,20200716,0
12,20200717,0
12,20200718,0
12,20200719,0
12,20200720,0
12,20200721,0
12,20200722,0
12,20200723,0
12,20200724,0
12,20200725,0
12,20200726,0
12,20200727,0
12,20200728,0
12,20200729,0
12,20200730,0
12,20200731,0
12,20200801,0
12,20200802,0
12,20200803,0
12,20200804,0
12,20200805,0
12,20200806,0
12,20200807,0
12,20200808,0
12,20200809,0
12,20200810,0
12,20200811,0
12,20200812,0
12,20200813,0
12,20200814,0
12,20200815,0
12,20200816,0
12,20200817,0
12,20200818,0
12,20200819,0
12,20200820,0
12,20200821,0
12,20200822,0
12,20200823,0
12,20200824,0
12,20200825,0
12,20200826,0
12,20200827,0
12,20200828,0
12,20200829,0
12,20200830,0
12,20200831,0
12,20200901,0
12,20200902,0
12,20200903,0
12,20200904,0
12,20200905,0
12,20200906,0
12,20200907,0
12,20200908,0
12,20200909,0
12,20200910,0
12,20200911,0
12,20200912,0
12,20200913,0
12,20200914,0
12,20200915,0
12,20200916,0
12,20200917,0
12,20200918,0
12,20200919,0
12,20200920,0
12,20200921,0
12,20200922,0
12,20200923,0
12,20200924,0
12,20200925,0
12,20200926,0
12,20200927,0
12,20200928,0
12,20200929,0
12,20200930,0
